word	approx_count	status
LAGU	1368757	needs_human_review
UGU	1278873	needs_human_review
LOO	976180	needs_human_review
SHEEGAY	821202	needs_human_review
DALKA	816741	needs_human_review
WAXAY	791778	needs_human_review
LAGA	788806	needs_human_review
INAY	756453	needs_human_review
TAHAY	561062	needs_human_review
YAHAY	524974	needs_human_review
DADKA	514386	needs_human_review
WAXAANA	491185	needs_human_review
MUQDISHO	487446	needs_human_review
AHAA	465942	needs_human_review
UGA	460807	needs_human_review
INUU	453185	needs_human_review
WAXAAN	434926	needs_human_review
GOBOLKA	422851	needs_human_review
ISKU	415569	needs_human_review
DOWLADDA	412141	needs_human_review
YIHIIN	379135	needs_human_review
SIDOO	371281	needs_human_review
PUNTLAND	360291	needs_human_review
AYUU	334456	needs_human_review
MAAMULKA	303715	needs_human_review
LOOGU	298773	needs_human_review
LOOGA	289785	needs_human_review
ISLA	274452	needs_human_review
IYADOO	269993	needs_human_review
DHACAY	263030	needs_human_review
WASIIRKA	236765	needs_human_review
JIRA	234956	needs_human_review
LAHAA	228921	needs_human_review
KOOXDA	220632	needs_human_review
SHACABKA	217445	needs_human_review
KENYA	213261	needs_human_review
HADLAY	211125	needs_human_review
GOLAHA	209810	needs_human_review
DEGMADA	207803	needs_human_review
YIRI	204063	needs_human_review
LABADA	192029	needs_human_review
BULSHADA	189385	needs_human_review
KASOO	183873	needs_human_review
ARRIMAHA	183337	needs_human_review
CABDI	174789	needs_human_review
JIRAY	174778	needs_human_review
BALSE	174373	needs_human_review
QAADAY	171047	needs_human_review
AHAYD	170372	needs_human_review
COM	167838	needs_human_review
KAGA	161435	needs_human_review
CIIDANKA	159930	needs_human_review
WARARKA	158971	needs_human_review
HADDA	158759	needs_human_review
ISAGOO	157966	needs_human_review
MARKAANA	156073	needs_human_review
SOCDA	156039	needs_human_review
BAXAY	154179	needs_human_review
GALAY	150108	needs_human_review
GUDAHA	149883	needs_human_review
AYSAN	147337	needs_human_review
KAMID	146214	needs_human_review
KULA	145852	needs_human_review
AADAN	144609	needs_human_review
DHANKA	143591	needs_human_review
LEEYAHAY	142814	needs_human_review
QARANKA	141813	needs_human_review
HALKA	141112	needs_human_review
DOWLADA	140422	needs_human_review
AYAY	135791	needs_human_review
INAAD	134197	needs_human_review
DOONAAN	133988	needs_human_review
DHINACA	132282	needs_human_review
SOMALIA	132044	needs_human_review
YIDHI	129263	needs_human_review
INAAN	127615	needs_human_review
XISBIGA	125541	needs_human_review
MADAXDA	123922	needs_human_review
QEYB	123061	needs_human_review
HARGEYSA	122439	needs_human_review
WIXII	121827	needs_human_review
AFRIKA	121752	needs_human_review
SHEEGTAY	121734	needs_human_review
WAXAAD	119183	needs_human_review
AANU	118410	needs_human_review
QABTAY	118038	needs_human_review
DAWLADDA	117493	needs_human_review
JIRAAN	115120	needs_human_review
AMNIGA	114045	needs_human_review
WUXUUNA	111165	needs_human_review
DOONAA	109940	needs_human_review
SHIRKA	109619	needs_human_review
ISUGU	107723	needs_human_review
IISUL	105766	needs_human_review
KUSOO	105707	needs_human_review
NOQON	105663	needs_human_review
AHAYN	104908	needs_human_review
GALMUDUG	103037	needs_human_review
BEESHA	101805	needs_human_review
XIGEENKA	101376	needs_human_review
JIRO	100614	needs_human_review
GAARAY	98631	needs_human_review
LEEDAHAY	98531	needs_human_review
DAGAALKA	97352	needs_human_review
GACANTA	96658	needs_human_review
DILAY	95376	needs_human_review
DHASHAY	95326	needs_human_review
DHIGAY	94414	needs_human_review
URURKA	94102	needs_human_review
DOONA	94017	needs_human_review
AMISOM	93398	needs_human_review
CAALAMKA	93075	needs_human_review
KALIYA	93045	needs_human_review
HADII	92887	needs_human_review
WAANA	92567	needs_human_review
XAFIISKA	92465	needs_human_review
AANAY	92190	needs_human_review
SHEEGEEN	91735	needs_human_review
JIRTO	91286	needs_human_review
XILKA	90207	needs_human_review
SHEEGAYA	88506	needs_human_review
SAARAY	88393	needs_human_review
GAROONKA	87856	needs_human_review
YIMID	87533	needs_human_review
IYAGOO	87437	needs_human_review
KARTAA	86729	needs_human_review
QAATAY	86101	needs_human_review
WAXAANU	86012	needs_human_review
MUUSE	85545	needs_human_review
KISMAAYO	85412	needs_human_review
FAA	85204	needs_human_review
DHAMAAN	83962	needs_human_review
QOFKA	83440	needs_human_review
SOCDAY	83329	needs_human_review
KARAA	83271	needs_human_review
MEESHA	82658	needs_human_review
HALKAAS	81559	needs_human_review
LAHAYN	81515	needs_human_review
ULA	80897	needs_human_review
TAASI	80840	needs_human_review
DADKII	80786	needs_human_review
BOOLISKA	80265	needs_human_review
HALKAASI	79852	needs_human_review
GUDDIGA	79757	needs_human_review
INTII	79299	needs_human_review
XUSEEN	77882	needs_human_review
DHACDAY	76958	needs_human_review
QABAN	76563	needs_human_review
ADDA	75871	needs_human_review
DHULKA	75639	needs_human_review
MORE	75508	needs_human_review
AYNU	75438	needs_human_review
HALKAN	74977	needs_human_review
SIDAA	74762	needs_human_review
WADANKA	74616	needs_human_review
DOONTO	74230	needs_human_review
UUSAN	74171	needs_human_review
INEY	74031	needs_human_review
NOQDAY	73920	needs_human_review
AMMAANKA	73699	needs_human_review
AYEY	73451	needs_human_review
AYNA	73434	needs_human_review
KULANKA	72460	needs_human_review
QARAMADA	72414	needs_human_review
JIRTA	72411	needs_human_review
ISU	72192	needs_human_review
SHAQADA	72124	needs_human_review
SAMEEYAY	72111	needs_human_review
HELI	71764	needs_human_review
KARA	71647	needs_human_review
CIIDAMO	70737	needs_human_review
XUBNAHA	70571	needs_human_review
TURKIGA	70318	needs_human_review
YURUB	70271	needs_human_review
HELAY	69133	needs_human_review
SANADKII	68884	needs_human_review
TALIYAHA	68811	needs_human_review
DALALKA	68640	needs_human_review
LASOO	67947	needs_human_review
DHAAFAY	66625	needs_human_review
DHAQANKA	65928	needs_human_review
SABABTA	65878	needs_human_review
MIDOWGA	65568	needs_human_review
DHISMAHA	65008	needs_human_review
GOBOLADA	64930	needs_human_review
WARAR	64821	needs_human_review
HADA	64787	needs_human_review
WASAARE	64474	needs_human_review
TAASOO	64438	needs_human_review
KAMA	64158	needs_human_review
BISHII	63854	needs_human_review
LALA	63515	needs_human_review
ARIMAHA	63436	needs_human_review
KALENA	63391	needs_human_review
WAXBA	63091	needs_human_review
THE	62856	needs_human_review
HIIRAAN	62633	needs_human_review
QAARKOOD	62579	needs_human_review
GAARKA	62216	needs_human_review
SAMEEYO	61698	needs_human_review
KULMIYE	61309	needs_human_review
READ	60446	needs_human_review
GOOBTA	60189	needs_human_review
WALIBA	60052	needs_human_review
DIBADDA	60038	needs_human_review
AHAAYEEN	59964	needs_human_review
SHARCIGA	59721	needs_human_review
KUU	59692	needs_human_review
DAWLADA	59221	needs_human_review
SOMALIYA	59216	needs_human_review
LAMA	59145	needs_human_review
MIDOOBAY	59120	needs_human_review
GOBALKA	58666	needs_human_review
USOO	58597	needs_human_review
HELO	58411	needs_human_review
AHI	57871	needs_human_review
BAAQAY	57471	needs_human_review
XIRIIRKA	57195	needs_human_review
AHNA	56764	needs_human_review
DHINTAY	56750	needs_human_review
INTAA	56749	needs_human_review
QABTO	56593	needs_human_review
ADDUUNKA	56338	needs_human_review
KARTO	55982	needs_human_review
XUBNO	55203	needs_human_review
ADAHA	55195	needs_human_review
KOOXAHA	55052	needs_human_review
DUNIDA	54911	needs_human_review
NEWS	54384	needs_human_review
HAWEENKA	54360	needs_human_review
AQALKA	53746	needs_human_review
LAHAYD	53526	needs_human_review
MADAXA	53425	needs_human_review
DIINTA	52863	needs_human_review
TAGAY	52621	needs_human_review
ISLAAMKA	51937	needs_human_review
INTAAS	51818	needs_human_review
XUSAY	51717	needs_human_review
MAALINTA	51675	needs_human_review
WUU	51530	needs_human_review
ONLINE	51286	needs_human_review
KUNA	51006	needs_human_review
SUUQA	50811	needs_human_review
JIREEN	50808	needs_human_review
QAADAN	50782	needs_human_review
NAIROBI	50287	needs_human_review
MARAY	50186	needs_human_review
BIYAHA	50076	needs_human_review
KANA	49908	needs_human_review
MARKAA	49718	needs_human_review
NOO	49664	needs_human_review
JOOGA	49574	needs_human_review
JEEDA	49443	needs_human_review
WAXANA	49326	needs_human_review
BADDA	49228	needs_human_review
JIRTAY	49188	needs_human_review
NAGA	49158	needs_human_review
NOLOSHA	48922	needs_human_review
HADALKA	48723	needs_human_review
BEELAHA	48627	needs_human_review
XAALADDA	48520	needs_human_review
HASE	48043	needs_human_review
AMAANKA	47878	needs_human_review
CAGTA	47649	needs_human_review
KMG	47547	needs_human_review
HADDANA	47389	needs_human_review
NOQOTAY	47299	needs_human_review
NOQDO	47005	needs_human_review
AHAATEE	46990	needs_human_review
KALOO	46800	needs_human_review
DARTEED	46757	needs_human_review
DIRAY	46728	needs_human_review
KAASOO	46283	needs_human_review
NINKA	46102	needs_human_review
GALEEN	46067	needs_human_review
INKASTOO	45977	needs_human_review
DOONTAA	45957	needs_human_review
DHACA	45485	needs_human_review
UUNA	45429	needs_human_review
WAAWEYN	45228	needs_human_review
KUWAASI	45181	needs_human_review
AHEYD	45034	needs_human_review
GAROOWE	44956	needs_human_review
AHA	44519	needs_human_review
DOORTAY	44514	needs_human_review
BAYDHABO	44462	needs_human_review
XOOGAN	44198	needs_human_review
CARABTA	44178	needs_human_review
DALKAASI	44165	needs_human_review
ETHIOPIA	43539	needs_human_review
HADABA	43320	needs_human_review
SIIYO	43306	needs_human_review
QORAY	43293	needs_human_review
ILAAHAY	43270	needs_human_review
XOOGGA	43241	needs_human_review
TIRADA	43149	needs_human_review
AFKA	43107	needs_human_review
LACAGTA	43083	needs_human_review
GURIGA	43075	needs_human_review
DADKU	42806	needs_human_review
JEEDIYAY	42752	needs_human_review
MUDUG	42675	needs_human_review
HAYO	42308	needs_human_review
QAADEEN	42287	needs_human_review
BAXDAY	42256	needs_human_review
YEESHAY	42201	needs_human_review
YAQAAN	41974	needs_human_review
KEENAY	41908	needs_human_review
NAHAY	41367	needs_human_review
HADDABA	41362	needs_human_review
MARKAAS	41293	needs_human_review
GOOBAHA	41213	needs_human_review
KUWAASOO	40823	needs_human_review
HAYA	40740	needs_human_review
ARKAY	40574	needs_human_review
HOREY	40411	needs_human_review
KULMAY	39908	needs_human_review
DIIDAY	39893	needs_human_review
MAGACA	39884	needs_human_review
FARA	39841	needs_human_review
SAMEEYEY	39831	needs_human_review
JULY	39825	needs_human_review
KASTABA	39601	needs_human_review
GASHAY	39534	needs_human_review
BILOOD	39449	needs_human_review
BERBERA	39089	needs_human_review
DOONAYO	39003	needs_human_review
TANI	38697	needs_human_review
AANKA	38680	needs_human_review
SOCOTA	38388	needs_human_review
HADANA	38258	needs_human_review
XAALADA	38094	needs_human_review
LONDON	38021	needs_human_review
GAADHAY	37997	needs_human_review
WEERARKA	37832	needs_human_review
WADAMADA	37743	needs_human_review
YAALLA	37641	needs_human_review
KEENTAY	37638	needs_human_review
ISNA	37570	needs_human_review
MAALMOOD	37566	needs_human_review
ARDAYDA	37515	needs_human_review
BILAABAY	37511	needs_human_review
DOONIN	37465	needs_human_review
UNITED	37437	needs_human_review
DHAGEYSO	37289	needs_human_review
IGU	37274	needs_human_review
CIISE	37137	needs_human_review
SIIYAY	37048	needs_human_review
QAADI	36991	needs_human_review
CAAWA	36973	needs_human_review
YAALA	36894	needs_human_review
XIRIIRA	36757	needs_human_review
AANAN	36657	needs_human_review
DEGAANKA	36634	needs_human_review
MEELAHA	36550	needs_human_review
DILKA	36323	needs_human_review
XULKA	36262	needs_human_review
XIRAY	36242	needs_human_review
SOMALI	36213	needs_human_review
DHEXEEYA	35874	needs_human_review
MANA	35861	needs_human_review
HELAAN	35812	needs_human_review
MADRID	35736	needs_human_review
KAASI	35607	needs_human_review
KATIRSAN	35606	needs_human_review
QORSHAHA	35548	needs_human_review
MIDA	35433	needs_human_review
GEESKA	35319	needs_human_review
UMA	35318	needs_human_review
BOOSAASO	35281	needs_human_review
IBRAAHIM	35196	needs_human_review
BARIGA	35161	needs_human_review
XILI	35084	needs_human_review
UNA	35004	needs_human_review
HEERKA	34996	needs_human_review
DABA	34965	needs_human_review
DII	34949	needs_human_review
NOQOTO	34901	needs_human_review
CIYAARTA	34773	needs_human_review
GALO	34377	needs_human_review
WELIBA	34144	needs_human_review
GEYSTAY	33923	needs_human_review
QIIMAHA	33906	needs_human_review
RAXMAAN	33899	needs_human_review
HALKAAN	33804	needs_human_review
XOOLAHA	33639	needs_human_review
TIMID	33617	needs_human_review
IGA	33529	needs_human_review
ADUUNKA	33515	needs_human_review
SHIRKII	33401	needs_human_review
XUQUUQDA	33083	needs_human_review
SAARTAY	33069	needs_human_review
BUU	33033	needs_human_review
KADIBNA	32988	needs_human_review
SOCDO	32873	needs_human_review
YEESHEE	32690	needs_human_review
POSTED	32567	needs_human_review
QAATAAN	32547	needs_human_review
XABSIGA	32309	needs_human_review
MADOOBE	32281	needs_human_review
AFRICA	32183	needs_human_review
NINKII	32111	needs_human_review
EEDEEYAY	31998	needs_human_review
FURAY	31991	needs_human_review
KUGU	31977	needs_human_review
KARTA	31818	needs_human_review
COMMENTS	31767	needs_human_review
AHAN	31687	needs_human_review
DULEEDKA	31461	needs_human_review
AND	31452	needs_human_review
INOO	31404	needs_human_review
HABKA	31402	needs_human_review
HAWADA	31385	needs_human_review
QARAXA	31303	needs_human_review
MARCH	31298	needs_human_review
ISAGU	31239	needs_human_review
TARTANKA	31152	needs_human_review
WAAD	31104	needs_human_review
IYAGU	30913	needs_human_review
WAQTIGA	30765	needs_human_review
AANTA	30756	needs_human_review
REAL	30748	needs_human_review
QAYBTA	30722	needs_human_review
NOQDAAN	30669	needs_human_review
WADADA	30659	needs_human_review
IISAL	30544	needs_human_review
GAARAYA	30481	needs_human_review
XOGTA	30418	needs_human_review
JUNE	30386	needs_human_review
MAAHA	30247	needs_human_review
DUMARKA	30243	needs_human_review
BAXA	30207	needs_human_review
SICIID	30200	needs_human_review
HUBKA	30190	needs_human_review
GMAIL	30167	needs_human_review
DHAXEEYA	30089	needs_human_review
FILAYAA	30060	needs_human_review
KOOBKA	30039	needs_human_review
QEYBTA	29983	needs_human_review
UMMADDA	29951	needs_human_review
SIDAN	29776	needs_human_review
HOREYSAY	29762	needs_human_review
SUGNAA	29685	needs_human_review
LEAGUE	29677	needs_human_review
RADIO	29652	needs_human_review
AHAANBA	29610	needs_human_review
LAGAGA	29594	needs_human_review
EEGO	29550	needs_human_review
BIXIYAY	29372	needs_human_review
SANADKAN	29309	needs_human_review
SHAQEEYA	29209	needs_human_review
QORAALKA	29164	needs_human_review
TAGO	29149	needs_human_review
BUUXDA	29143	needs_human_review
OCTOBER	29117	needs_human_review
AYAANA	28916	needs_human_review
YAABAA	28821	needs_human_review
WAAYAY	28777	needs_human_review
TRUMP	28771	needs_human_review
BARRE	28760	needs_human_review
ARRIMO	28613	needs_human_review
HALKAA	28365	needs_human_review
DIFAACA	28320	needs_human_review
SWEDEN	28316	needs_human_review
SAARKA	28236	needs_human_review
GAROWE	28222	needs_human_review
HADLAYAY	28149	needs_human_review
HORUMAR	28144	needs_human_review
YAAL	28114	needs_human_review
XARAKADA	28048	needs_human_review
JOOGAAN	28047	needs_human_review
WAREEGAY	28042	needs_human_review
DHINTEEN	28024	needs_human_review
JIREY	27785	needs_human_review
HOWLAHA	27757	needs_human_review
SAFIIRKA	27732	needs_human_review
JEEDIYEY	27719	needs_human_review
RUUSHKA	27661	needs_human_review
ANIGU	27598	needs_human_review
JOOGO	27593	needs_human_review
WAXUU	27582	needs_human_review
DUGSIGA	27499	needs_human_review
CUDURKA	27463	needs_human_review
MARKUU	27436	needs_human_review
WAXAN	27425	needs_human_review
SOCDAAN	27356	needs_human_review
MIDKA	27291	needs_human_review
MEDIA	27183	needs_human_review
YEELAY	27168	needs_human_review
XAGGA	27160	needs_human_review
NOOCA	27074	needs_human_review
GAARO	26990	needs_human_review
FACEBOOK	26931	needs_human_review
DANBE	26914	needs_human_review
LANA	26794	needs_human_review
QABTEEN	26750	needs_human_review
INAYSAN	26741	needs_human_review
SOCODKA	26739	needs_human_review
NABADDA	26716	needs_human_review
KUBADDA	26691	needs_human_review
INTAASI	26689	needs_human_review
SIIYEY	26673	needs_human_review
CHELSEA	26623	needs_human_review
BAXAYA	26610	needs_human_review
SHEIKH	26590	needs_human_review
JOOGAY	26584	needs_human_review
QAATO	26568	needs_human_review
KHEYRE	26526	needs_human_review
JOOGTA	26471	needs_human_review
SAWIRRO	26459	needs_human_review
SABABTOO	26454	needs_human_review
ABABA	26368	needs_human_review
IMAANAYA	26342	needs_human_review
QABA	26281	needs_human_review
DIBNA	26254	needs_human_review
SANADKA	26245	needs_human_review
DIBADA	26244	needs_human_review
KULAMO	26206	needs_human_review
CITY	26171	needs_human_review
HOREEYAY	26127	needs_human_review
LAABTAY	26102	needs_human_review
VIDEO	26075	needs_human_review
CODKA	26061	needs_human_review
RUNTII	25963	needs_human_review
SHIINAHA	25916	needs_human_review
JAWAARI	25830	needs_human_review
WADAA	25771	needs_human_review
QOYSKA	25696	needs_human_review
DILEEN	25653	needs_human_review
WADDANKA	25607	needs_human_review
AHEYN	25581	needs_human_review
GAARTAY	25548	needs_human_review
TALADA	25546	needs_human_review
ARRINTAN	25527	needs_human_review
GAAREEN	25516	needs_human_review
MUUQATA	25501	needs_human_review
MEELO	25467	needs_human_review
MUUQDA	25417	needs_human_review
CAADIGA	25378	needs_human_review
QAATEEN	25279	needs_human_review
BISHAN	25272	needs_human_review
MARKAY	25259	needs_human_review
BAXAAN	25167	needs_human_review
HESHO	25142	needs_human_review
SOCOTAY	25126	needs_human_review
LAGULA	25115	needs_human_review
KULANKII	25087	needs_human_review
KOOXO	25060	needs_human_review
APRIL	25059	needs_human_review
CARUURTA	24993	needs_human_review
DHACEEN	24954	needs_human_review
DEGAN	24946	needs_human_review
JARAA	24942	needs_human_review
HALKII	24925	needs_human_review
RAGGA	24887	needs_human_review
CADAADO	24833	needs_human_review
TIRSANAA	24789	needs_human_review
ARKO	24751	needs_human_review
LAGAMA	24702	needs_human_review
SANNO	24633	needs_human_review
MACALIN	24586	needs_human_review
DALKAAS	24483	needs_human_review
ARSENAL	24437	needs_human_review
BADNAA	24392	needs_human_review
HAWLAHA	24381	needs_human_review
HUBEYSAN	24292	needs_human_review
BILOWDAY	24263	needs_human_review
YEESHEEN	24234	needs_human_review
CODSADAY	24162	needs_human_review
UGANDA	24115	needs_human_review
QATAR	24114	needs_human_review
THIS	24077	needs_human_review
SOCON	24073	needs_human_review
NAGU	24045	needs_human_review
XASSAN	24035	needs_human_review
WADAY	24025	needs_human_review
BAXEEN	23985	needs_human_review
DOONAYA	23941	needs_human_review
QOFKU	23856	needs_human_review
WAKIILKA	23842	needs_human_review
AUGUST	23767	needs_human_review
HOGAANKA	23729	needs_human_review
YEMEN	23595	needs_human_review
BEERAHA	23527	needs_human_review
DIBEDDA	23502	needs_human_review
QABAAN	23466	needs_human_review
FEBRUARY	23436	needs_human_review
WAXAANAY	23397	needs_human_review
IWM	23276	needs_human_review
HOWL	23259	needs_human_review
QAYBAHA	23245	needs_human_review
DHALIYAY	23106	needs_human_review
BBC	23075	needs_human_review
NOVEMBER	23019	needs_human_review
ADDIS	23011	needs_human_review
HADLEEN	22986	needs_human_review
MOHAMED	22858	needs_human_review
DHIGTAY	22838	needs_human_review
MADASHA	22796	needs_human_review
AWOODDA	22712	needs_human_review
QOFKII	22699	needs_human_review
ARKI	22683	needs_human_review
KAALINTA	22650	needs_human_review
DUQA	22647	needs_human_review
BANAAN	22629	needs_human_review
DHALATAY	22587	needs_human_review
UULIYIIN	22523	needs_human_review
CADDE	22501	needs_human_review
PROF	22450	needs_human_review
SHIRKAN	22418	needs_human_review
AHMED	22417	needs_human_review
WATA	22395	needs_human_review
WARKA	22336	needs_human_review
HELIN	22333	needs_human_review
AWGEED	22330	needs_human_review
SAMEYN	22286	needs_human_review
TAASINA	22266	needs_human_review
AAMINSAN	22169	needs_human_review
AYAAD	22159	needs_human_review
XOOGGAN	22136	needs_human_review
UCID	22125	needs_human_review
LOOLA	22055	needs_human_review
XUBNOOD	22020	needs_human_review
BIN	21996	needs_human_review
DHABTA	21979	needs_human_review
BIXINTA	21963	needs_human_review
HAYSTA	21933	needs_human_review
JAWAABAY	21827	needs_human_review
WAAXDA	21822	needs_human_review
KUBADA	21767	needs_human_review
YAQAANO	21732	needs_human_review
DECEMBER	21664	needs_human_review
IYADOONA	21650	needs_human_review
SHAQEYN	21633	needs_human_review
GUDIGA	21610	needs_human_review
URURADA	21584	needs_human_review
XUKUNKA	21484	needs_human_review
BADANI	21471	needs_human_review
SAWIRO	21459	needs_human_review
HESHAY	21455	needs_human_review
LOONA	21454	needs_human_review
SAAREEN	21441	needs_human_review
JANUARY	21420	needs_human_review
DHIGEEN	21412	needs_human_review
DOLLAR	21401	needs_human_review
SAAMEYN	21396	needs_human_review
WEERARAY	21351	needs_human_review
GUULEED	21339	needs_human_review
MUHIIMKA	21336	needs_human_review
KALANA	21283	needs_human_review
DHISAY	21250	needs_human_review
WEERARO	21245	needs_human_review
WUXU	21219	needs_human_review
SHEEGEY	21176	needs_human_review
CUNTADA	21138	needs_human_review
HADLAYA	21105	needs_human_review
IMINKA	21020	needs_human_review
ROOBLE	21011	needs_human_review
ILA	21009	needs_human_review
WARSAME	21006	needs_human_review
CAANKA	20972	needs_human_review
AQOONTA	20963	needs_human_review
ARRINTA	20915	needs_human_review
FADHIYA	20902	needs_human_review
GALIN	20879	needs_human_review
KULANKAN	20841	needs_human_review
KAHOR	20824	needs_human_review
LABADII	20822	needs_human_review
TALISKA	20782	needs_human_review
BALAN	20698	needs_human_review
LAGUNA	20688	needs_human_review
SIDAASI	20656	needs_human_review
KACAY	20629	needs_human_review
SIDAY	20620	needs_human_review
ISHA	20544	needs_human_review
WAAYEY	20544	needs_human_review
MAGALADA	20534	needs_human_review
LIISKA	20506	needs_human_review
NET	20496	needs_human_review
ODHAN	20496	needs_human_review
HADLAYO	20437	needs_human_review
RAYIDKA	20420	needs_human_review
MARARKA	20393	needs_human_review
MASKAXDA	20383	needs_human_review
XEEBAHA	20339	needs_human_review
QAADATAY	20331	needs_human_review
CIDDA	20249	needs_human_review
SHIRKADA	20237	needs_human_review
QABAA	20225	needs_human_review
ABAARAHA	20168	needs_human_review
QABSADAY	20067	needs_human_review
YIRAAHDO	20027	needs_human_review
XILLIGA	20005	needs_human_review
MARAYO	19886	needs_human_review
WAFDIGA	19814	needs_human_review
FULINTA	19810	needs_human_review
DALKU	19776	needs_human_review
HADLO	19775	needs_human_review
ENG	19768	needs_human_review
CUSMAAN	19742	needs_human_review
UMADDA	19738	needs_human_review
XARUMAHA	19720	needs_human_review
BAXO	19624	needs_human_review
GABADHA	19622	needs_human_review
SHAACA	19616	needs_human_review
SHAQEEYO	19588	needs_human_review
YIMAADA	19569	needs_human_review
XEERKA	19524	needs_human_review
INDHAHA	19510	needs_human_review
CIRKA	19501	needs_human_review
UUL	19449	needs_human_review
MARKAAN	19425	needs_human_review
SAWIRADA	19317	needs_human_review
WASIIRO	19306	needs_human_review
DAMBEYN	19261	needs_human_review
BIXIYO	19257	needs_human_review
FAROOLE	19182	needs_human_review
YIMAADO	19136	needs_human_review
ADA	19096	needs_human_review
DDSI	19051	needs_human_review
QABTAAN	18959	needs_human_review
YAABO	18954	needs_human_review
HORJEEDA	18934	needs_human_review
IYAGUNA	18918	needs_human_review
OGAADAY	18904	needs_human_review
AFGOOYE	18861	needs_human_review
BIXIYEY	18849	needs_human_review
WARARKII	18842	needs_human_review
MUSHARAX	18817	needs_human_review
ISRAA	18786	needs_human_review
FARAHA	18707	needs_human_review
KHASAARE	18690	needs_human_review
LEENAHAY	18668	needs_human_review
XANUUNKA	18562	needs_human_review
VILLA	18541	needs_human_review
IGAD	18488	needs_human_review
XOOGA	18398	needs_human_review
FAYSAL	18365	needs_human_review
HADASHAY	18317	needs_human_review
HAYAY	18314	needs_human_review
GALA	18306	needs_human_review
SPAIN	18301	needs_human_review
XIDDIGA	18282	needs_human_review
ISKUGU	18260	needs_human_review
DHIGI	18250	needs_human_review
EMAIL	18244	needs_human_review
DEEGAANO	18225	needs_human_review
TABABAR	18215	needs_human_review
SABABAY	18172	needs_human_review
HARGAYSA	18119	needs_human_review
ALLAH	18104	needs_human_review
CELIYAY	18104	needs_human_review
NEW	18103	needs_human_review
DHEERE	18075	needs_human_review
OGA	18058	needs_human_review
BOOQDAY	18039	needs_human_review
HELEEN	17965	needs_human_review
MAALMAHA	17936	needs_human_review
BAAHIDA	17928	needs_human_review
DHAWAAD	17916	needs_human_review
FILAYO	17897	needs_human_review
HANTIDA	17868	needs_human_review
GUUSHA	17804	needs_human_review
MARNABA	17801	needs_human_review
ARAGTIDA	17791	needs_human_review
CELIYO	17784	needs_human_review
DEKEDDA	17732	needs_human_review
RABO	17724	needs_human_review
NORWAY	17715	needs_human_review
BASHIIR	17713	needs_human_review
DHISKA	17708	needs_human_review
READING	17706	needs_human_review
TAGEEN	17704	needs_human_review
MARKAAD	17702	needs_human_review
AADKA	17673	needs_human_review
ADEEGGA	17673	needs_human_review
AYADOO	17639	needs_human_review
BOQOLAAL	17637	needs_human_review
LAHEYN	17621	needs_human_review
BRITAIN	17597	needs_human_review
QEYBAHA	17582	needs_human_review
CARUUR	17577	needs_human_review
TEGAY	17576	needs_human_review
TAAL	17572	needs_human_review
GAARIGA	17553	needs_human_review
RASMIGA	17533	needs_human_review
LLAAHI	17508	needs_human_review
AADANAHA	17444	needs_human_review
WAREYSI	17435	needs_human_review
AHLU	17415	needs_human_review
MAX	17402	needs_human_review
HINDIYA	17394	needs_human_review
XAAFADDA	17392	needs_human_review
CULIMADA	17308	needs_human_review
GURYAHA	17208	needs_human_review
MARKALE	17190	needs_human_review
SUURIYA	17109	needs_human_review
BIIRAY	17103	needs_human_review
ALLAHA	17078	needs_human_review
ABUU	17054	needs_human_review
BIXIYAAN	17019	needs_human_review
DHACO	17005	needs_human_review
JUBALAND	17000	needs_human_review
INAGA	16998	needs_human_review
CONTINUE	16989	needs_human_review
YEERAY	16981	needs_human_review
KHADKA	16944	needs_human_review
DANTA	16924	needs_human_review
QAADAAN	16916	needs_human_review
XIDHAN	16895	needs_human_review
MAALMO	16888	needs_human_review
HOTMAIL	16880	needs_human_review
GELINTA	16870	needs_human_review
SAFARKA	16858	needs_human_review
WAAYEEN	16839	needs_human_review
QAADIR	16800	needs_human_review
JARMALKA	16792	needs_human_review
DOWLADDU	16745	needs_human_review
AYA	16737	needs_human_review
HABOON	16723	needs_human_review
QEYBO	16723	needs_human_review
MUUJIYAY	16692	needs_human_review
BARAHA	16649	needs_human_review
YAASIIN	16620	needs_human_review
MARNA	16598	needs_human_review
DAGAALO	16534	needs_human_review
DALKOODA	16520	needs_human_review
TAALLA	16515	needs_human_review
AWOODA	16494	needs_human_review
KURSIGA	16482	needs_human_review
TALA	16474	needs_human_review
MARKIIBA	16464	needs_human_review
XIDHAY	16443	needs_human_review
XERADA	16400	needs_human_review
DUCAALE	16389	needs_human_review
JOOGTADA	16381	needs_human_review
QAADKA	16359	needs_human_review
ISAGOONA	16341	needs_human_review
XAAFADA	16278	needs_human_review
LAAKIN	16263	needs_human_review
DHACAYA	16222	needs_human_review
ISLAAM	16206	needs_human_review
SHEEGIN	16188	needs_human_review
HAYSTO	16148	needs_human_review
WADAN	16129	needs_human_review
RIDAY	16100	needs_human_review
MIDNA	16096	needs_human_review
JIGJIGA	16077	needs_human_review
GUDA	16075	needs_human_review
NOQDEEN	16037	needs_human_review
QARAXYO	15976	needs_human_review
GABDHAHA	15942	needs_human_review
JEEDO	15896	needs_human_review
RABAA	15808	needs_human_review
DHARKA	15773	needs_human_review
FURMAY	15752	needs_human_review
KARNAA	15703	needs_human_review
DHALAY	15658	needs_human_review
BALAARAN	15620	needs_human_review
ALAABTA	15586	needs_human_review
SOMALIDA	15582	needs_human_review
UJEEDADA	15581	needs_human_review
GALABTA	15578	needs_human_review
KHAYRE	15525	needs_human_review
XEEBTA	15507	needs_human_review
GALI	15468	needs_human_review
WAXAANAN	15467	needs_human_review
WASIIRKU	15445	needs_human_review
HOTEL	15421	needs_human_review
CADAALAD	15361	needs_human_review
BANI	15341	needs_human_review
JUBBA	15326	needs_human_review
QADAR	15326	needs_human_review
RASHIID	15307	needs_human_review
TAALA	15297	needs_human_review
NALA	15274	needs_human_review
WAXAASE	15247	needs_human_review
INUUSAN	15190	needs_human_review
XOOJINTA	15159	needs_human_review
RAACIYAY	15144	needs_human_review
RABTO	15124	needs_human_review
DOOLAR	15118	needs_human_review
POST	15118	needs_human_review
XIGTAY	15114	needs_human_review
ILMAHA	15067	needs_human_review
BOGGA	15051	needs_human_review
XILLIGII	15011	needs_human_review
SCW	14990	needs_human_review
ISUL	14977	needs_human_review
SALDHIGA	14909	needs_human_review
BARTAY	14904	needs_human_review
LAHEYD	14894	needs_human_review
DALBADAY	14883	needs_human_review
ALI	14873	needs_human_review
SUDAN	14832	needs_human_review
AANKII	14823	needs_human_review
AYAANU	14814	needs_human_review
YEESHAAN	14814	needs_human_review
SIIYAAN	14813	needs_human_review
SHIRE	14794	needs_human_review
INTOODA	14767	needs_human_review
WAANU	14758	needs_human_review
YOU	14743	needs_human_review
SAXDA	14738	needs_human_review
LAAMAHA	14711	needs_human_review
DIGAY	14690	needs_human_review
UMADA	14615	needs_human_review
QAYBO	14611	needs_human_review
SADDEXDA	14610	needs_human_review
OGEYN	14590	needs_human_review
NABADA	14570	needs_human_review
SUUDAAN	14534	needs_human_review
PREMIER	14533	needs_human_review
GUURKA	14510	needs_human_review
AMRAY	14500	needs_human_review
WAJAHAN	14493	needs_human_review
DANAHA	14492	needs_human_review
ARIN	14475	needs_human_review
CIRAAQ	14470	needs_human_review
FOR	14461	needs_human_review
RONALDO	14461	needs_human_review
WWW	14460	needs_human_review
MIDOOBEY	14425	needs_human_review
INAANU	14411	needs_human_review
QARAXII	14394	needs_human_review
MARAR	14389	needs_human_review
SHARAFTA	14340	needs_human_review
GALKA	14331	needs_human_review
DAACISH	14324	needs_human_review
GUDDIDA	14311	needs_human_review
LACAGAHA	14309	needs_human_review
YEESHO	14237	needs_human_review
JIRTAA	14216	needs_human_review
DALKAN	14206	needs_human_review
WAXAYNU	14160	needs_human_review
SACIID	14158	needs_human_review
XADKA	14153	needs_human_review
WATAY	14151	needs_human_review
ILAALIYO	14141	needs_human_review
QODOBADA	14121	needs_human_review
MAIL	14106	needs_human_review
SHAQSI	14086	needs_human_review
GEELLE	14071	needs_human_review
SHACBIGA	14059	needs_human_review
MARTAY	14051	needs_human_review
IIGU	14039	needs_human_review
OGAADO	14028	needs_human_review
CELINTA	14023	needs_human_review
MUSUQ	14006	needs_human_review
NINKAN	14005	needs_human_review
GAADHI	13961	needs_human_review
DOONAYAA	13959	needs_human_review
DHIIBAY	13945	needs_human_review
WORLD	13904	needs_human_review
XIDHIIDH	13883	needs_human_review
WAKHTIGA	13867	needs_human_review
SALKA	13848	needs_human_review
ARIMO	13828	needs_human_review
DALAL	13795	needs_human_review
HAYSAN	13786	needs_human_review
DAREENKA	13771	needs_human_review
LACAGO	13730	needs_human_review
CILMIGA	13703	needs_human_review
NOOCYADA	13682	needs_human_review
SNM	13662	needs_human_review
ISAGUNA	13660	needs_human_review
SOCDEEN	13650	needs_human_review
MUUQATO	13641	needs_human_review
TAMARTA	13623	needs_human_review
WIILKA	13615	needs_human_review
RAACAY	13603	needs_human_review
ADEEGA	13569	needs_human_review
SABABO	13564	needs_human_review
GEYSTEEN	13537	needs_human_review
QURUXDA	13536	needs_human_review
CIDA	13529	needs_human_review
MUUQDAY	13509	needs_human_review
MAQLAY	13503	needs_human_review
TAGAAN	13493	needs_human_review
QARXA	13456	needs_human_review
HOOSTA	13443	needs_human_review
GABA	13429	needs_human_review
AAY	13419	needs_human_review
CASRIGA	13418	needs_human_review
XAGA	13390	needs_human_review
DHIMATAY	13389	needs_human_review
GURMADKA	13346	needs_human_review
KARNO	13297	needs_human_review
HELAYO	13245	needs_human_review
WASIIRU	13244	needs_human_review
AHAANA	13234	needs_human_review
DADKAASI	13227	needs_human_review
ANIGOO	13215	needs_human_review
GABI	13214	needs_human_review
GEEDI	13196	needs_human_review
XIGA	13180	needs_human_review
YIMI	13176	needs_human_review
QABATAY	13170	needs_human_review
SAARAAN	13165	needs_human_review
JOOJIYO	13157	needs_human_review
XILIGA	13144	needs_human_review
SAWIRKA	13131	needs_human_review
VOA	13131	needs_human_review
LAANTA	13124	needs_human_review
MUDDADA	13076	needs_human_review
HADLAYEY	13061	needs_human_review
MUXUU	13058	needs_human_review
QAARADDA	13043	needs_human_review
COVID	13025	needs_human_review
QARXAY	13023	needs_human_review
DALKIISA	13014	needs_human_review
NOQONAYA	13011	needs_human_review
LABADAN	13001	needs_human_review
SUNNA	12989	needs_human_review
ASKARTA	12986	needs_human_review
ABUURAY	12924	needs_human_review
GALMADA	12910	needs_human_review
DHAAWACA	12906	needs_human_review
KULMEEN	12906	needs_human_review
DAMBEEYA	12855	needs_human_review
QODOBO	12846	needs_human_review
DOORKA	12837	needs_human_review
FINLAND	12836	needs_human_review
IDINKU	12825	needs_human_review
GEEYAY	12818	needs_human_review
HAYSTAAN	12817	needs_human_review
MIDDA	12799	needs_human_review
ILAALADA	12795	needs_human_review
JUBBADA	12776	needs_human_review
DOORTO	12744	needs_human_review
KASTOO	12741	needs_human_review
KUUGU	12709	needs_human_review
GAARA	12706	needs_human_review
YUSUF	12702	needs_human_review
HADBA	12698	needs_human_review
HAYAA	12696	needs_human_review
TUULADA	12695	needs_human_review
GAARAAN	12685	needs_human_review
GAADHO	12674	needs_human_review
BEDEL	12663	needs_human_review
GAYSTAY	12662	needs_human_review
WAXAANNU	12641	needs_human_review
WARARKU	12632	needs_human_review
IIDO	12626	needs_human_review
BAXDO	12612	needs_human_review
TIDHI	12604	needs_human_review
SADEX	12597	needs_human_review
LOOMA	12596	needs_human_review
WARAMAY	12588	needs_human_review
JARAY	12585	needs_human_review
MESSI	12575	needs_human_review
OLOLAHA	12560	needs_human_review
CANADA	12541	needs_human_review
OGYAHAY	12527	needs_human_review
SHEEGI	12501	needs_human_review
GELIYO	12485	needs_human_review
MUDADA	12473	needs_human_review
LAGALA	12463	needs_human_review
CISHO	12459	needs_human_review
WAQTIGII	12447	needs_human_review
GUURTIDA	12434	needs_human_review
DALKEENA	12403	needs_human_review
MAARMAAN	12403	needs_human_review
STATE	12377	needs_human_review
XILIGII	12322	needs_human_review
DEGA	12310	needs_human_review
BOORAMA	12308	needs_human_review
HTTP	12272	needs_human_review
ERITREA	12257	needs_human_review
QAADATO	12244	needs_human_review
ORG	12237	needs_human_review
XAQA	12188	needs_human_review
KUSII	12177	needs_human_review
DHUFTAY	12126	needs_human_review
NOOCAN	12121	needs_human_review
LAHA	12114	needs_human_review
GALAYA	12105	needs_human_review
BAARISTA	12098	needs_human_review
ORAN	12093	needs_human_review
WRITTEN	12093	needs_human_review
RAADINTA	12083	needs_human_review
HAYEY	12080	needs_human_review
MARKASTA	12080	needs_human_review
SAACADO	12076	needs_human_review
CIYAARO	12072	needs_human_review
GAARIN	12057	needs_human_review
HOREEYEY	12055	needs_human_review
TWITTER	12055	needs_human_review
NISA	12046	needs_human_review
SUGIDDA	11992	needs_human_review
DIIRIYE	11983	needs_human_review
KULMAAN	11970	needs_human_review
ENGLAND	11967	needs_human_review
KUMANAAN	11950	needs_human_review
HOTELKA	11927	needs_human_review
DOONAYAY	11915	needs_human_review
IMIKA	11910	needs_human_review
ARINTA	11909	needs_human_review
KAMIDA	11900	needs_human_review
SHABAB	11896	needs_human_review
SHEEGAYO	11875	needs_human_review
NOOGU	11871	needs_human_review
IDAACADA	11859	needs_human_review
BARTA	11842	needs_human_review
GARABKA	11831	needs_human_review
DIIRADDA	11829	needs_human_review
QAABILAY	11819	needs_human_review
BOQORKA	11793	needs_human_review
ARKAA	11784	needs_human_review
SABABAHA	11784	needs_human_review
INTERNET	11774	needs_human_review
DJIBOUTI	11765	needs_human_review
DOORAN	11765	needs_human_review
AASAY	11755	needs_human_review
RAYSAL	11746	needs_human_review
DAWLADDU	11739	needs_human_review
SAMEYNTA	11734	needs_human_review
QAADISTA	11716	needs_human_review
GOOGLE	11685	needs_human_review
BIXISO	11673	needs_human_review
ONLF	11664	needs_human_review
MANTA	11651	needs_human_review
OBAMA	11637	needs_human_review
XILLIGAN	11634	needs_human_review
HORAYSAY	11615	needs_human_review
FANKA	11614	needs_human_review
DAABACAY	11598	needs_human_review
GUDBIYAY	11590	needs_human_review
KENYATTA	11574	needs_human_review
TUKARAQ	11557	needs_human_review
ADIGOO	11553	needs_human_review
ABUURKA	11552	needs_human_review
SABABTAY	11537	needs_human_review
DADAALKA	11490	needs_human_review
QABANAYO	11463	needs_human_review
WADI	11457	needs_human_review
ARKEEN	11453	needs_human_review
HOME	11440	needs_human_review
SUGIDA	11404	needs_human_review
ARAGTO	11381	needs_human_review
MUWAADIN	11375	needs_human_review
YARYAR	11369	needs_human_review
CIDNA	11358	needs_human_review
TALAABO	11350	needs_human_review
BAHDA	11349	needs_human_review
GROUP	11344	needs_human_review
DFS	11335	needs_human_review
TOOGTAY	11330	needs_human_review
LEE	11329	needs_human_review
DOODA	11326	needs_human_review
MUDADII	11325	needs_human_review
HAWSHA	11322	needs_human_review
HADLAAN	11317	needs_human_review
DHAGAYSO	11316	needs_human_review
NAADIGA	11290	needs_human_review
XUSKA	11281	needs_human_review
HADALO	11263	needs_human_review
INAGU	11257	needs_human_review
NAGALA	11257	needs_human_review
DHIGAAN	11255	needs_human_review
WAREEGA	11234	needs_human_review
EEDEEYEY	11232	needs_human_review
SAALAX	11228	needs_human_review
LIVE	11225	needs_human_review
INFO	11220	needs_human_review
MEESHII	11219	needs_human_review
GENERAL	11218	needs_human_review
CAALAMKU	11166	needs_human_review
SACAD	11145	needs_human_review
BIXISAY	11140	needs_human_review
YEELATAY	11138	needs_human_review
DAAYO	11137	needs_human_review
BRAZIL	11120	needs_human_review
TODOBAAD	11106	needs_human_review
DABKA	11092	needs_human_review
CABDULLE	11090	needs_human_review
GUDAHOOD	11089	needs_human_review
SARREEYA	11086	needs_human_review
ARINTAN	11083	needs_human_review
TAGI	11080	needs_human_review
INAANAY	11059	needs_human_review
IMANAYA	11058	needs_human_review
SAXIIXAY	11058	needs_human_review
IYADU	11043	needs_human_review
RABBIGA	11010	needs_human_review
INTUU	10997	needs_human_review
CIDII	10992	needs_human_review
UMMADA	10988	needs_human_review
AMAAN	10950	needs_human_review
LAGANA	10940	needs_human_review
BINU	10935	needs_human_review
ARINTAAS	10932	needs_human_review
BIRTA	10932	needs_human_review
XIGEEN	10927	needs_human_review
MUSLIM	10925	needs_human_review
YADA	10906	needs_human_review
DONALD	10892	needs_human_review
GEERIDA	10864	needs_human_review
QAARADA	10834	needs_human_review
BULSHADU	10833	needs_human_review
JSL	10830	needs_human_review
AMABA	10820	needs_human_review
HARGEISA	10812	needs_human_review
DHIHI	10784	needs_human_review
HOWLGAL	10776	needs_human_review
DHACDA	10774	needs_human_review
TOGDHEER	10770	needs_human_review
WEBSITE	10764	needs_human_review
ADMIN	10763	needs_human_review
JIMCIHII	10726	needs_human_review
NOOLAA	10717	needs_human_review
UKRAINE	10699	needs_human_review
SAREEYA	10693	needs_human_review
BILAYSKA	10672	needs_human_review
HORTAGO	10667	needs_human_review
WADDADA	10663	needs_human_review
RUNTA	10643	needs_human_review
QAADAYO	10624	needs_human_review
DAAYAY	10617	needs_human_review
DADKAN	10614	needs_human_review
MAAYO	10605	needs_human_review
QURBA	10598	needs_human_review
WADANI	10595	needs_human_review
MASJIDKA	10559	needs_human_review
HANAANKA	10555	needs_human_review
DHINACYO	10541	needs_human_review
SAARNAA	10541	needs_human_review
HAYSA	10538	needs_human_review
GELIYAY	10535	needs_human_review
HOOYADA	10533	needs_human_review
RAGA	10512	needs_human_review
FULIYAY	10508	needs_human_review
KEENA	10504	needs_human_review
DIIDAN	10497	needs_human_review
GALIYAY	10480	needs_human_review
HALISTA	10464	needs_human_review
SAMATAR	10462	needs_human_review
MAADAMA	10452	needs_human_review
GEEYO	10440	needs_human_review
KUWANI	10417	needs_human_review
LIIBIYA	10405	needs_human_review
AFARTA	10400	needs_human_review
SAMAYSAY	10394	needs_human_review
INDHA	10348	needs_human_review
KOOXOOD	10334	needs_human_review
ABIY	10329	needs_human_review
SANNADKA	10322	needs_human_review
TUURAY	10321	needs_human_review
BANAANKA	10305	needs_human_review
QAATA	10303	needs_human_review
QABIILKA	10279	needs_human_review
ADIGU	10278	needs_human_review
ODAYAAL	10271	needs_human_review
KASII	10240	needs_human_review
FULIYEEN	10235	needs_human_review
HAWIYE	10232	needs_human_review
JEEDAY	10222	needs_human_review
FRANCE	10218	needs_human_review
XILKII	10218	needs_human_review
DEKEDA	10215	needs_human_review
MARA	10198	needs_human_review
NABADEED	10192	needs_human_review
QAADA	10190	needs_human_review
XUKUMAY	10190	needs_human_review
JUVENTUS	10186	needs_human_review
BAAQDAY	10184	needs_human_review
ISKAASHI	10183	needs_human_review
DIRTAY	10177	needs_human_review
SIISAY	10174	needs_human_review
YEEDHAY	10174	needs_human_review
TABABARE	10173	needs_human_review
GOBOLEED	10147	needs_human_review
MURSAL	10142	needs_human_review
NETWORK	10136	needs_human_review
VIEWS	10133	needs_human_review
CELIYEY	10112	needs_human_review
HOREYN	10099	needs_human_review
TIHIIN	10090	needs_human_review
WALXAHA	10089	needs_human_review
GOBALADA	10086	needs_human_review
DUULISTA	10074	needs_human_review
DHIGTO	10055	needs_human_review
DARRADA	10047	needs_human_review
GABILEY	10035	needs_human_review
DADKAAS	9977	needs_human_review
XIGTA	9965	needs_human_review
QOYSASKA	9963	needs_human_review
XAFLADDA	9960	needs_human_review
MURANKA	9959	needs_human_review
WAXII	9958	needs_human_review
KHATARTA	9950	needs_human_review
SIDUU	9948	needs_human_review
ISGOYSKA	9932	needs_human_review
SUURTA	9916	needs_human_review
FALAL	9909	needs_human_review
FURSADO	9887	needs_human_review
DEGAY	9883	needs_human_review
DHISAYO	9881	needs_human_review
DHAXAYSA	9876	needs_human_review
DOONNAA	9876	needs_human_review
TOOSKA	9871	needs_human_review
MUUJIYEY	9852	needs_human_review
MUKHTAAR	9846	needs_human_review
JANAAYO	9845	needs_human_review
QURAANKA	9840	needs_human_review
DHISI	9831	needs_human_review
HORJEEDO	9831	needs_human_review
GOOLKA	9829	needs_human_review
TIMAADO	9802	needs_human_review
SANADOOD	9781	needs_human_review
XAFLADA	9781	needs_human_review
YOUR	9778	needs_human_review
SAMEYSAY	9777	needs_human_review
SHIRKAAS	9766	needs_human_review
WAXNA	9760	needs_human_review
HADALKII	9758	needs_human_review
RAAGE	9757	needs_human_review
EEGISTA	9689	needs_human_review
QAARNA	9686	needs_human_review
FALALKA	9672	needs_human_review
KOOXDII	9670	needs_human_review
ADDAHA	9667	needs_human_review
TALEEX	9667	needs_human_review
DAKHLIGA	9660	needs_human_review
AHAANTII	9638	needs_human_review
LAABTO	9629	needs_human_review
DHIIRI	9626	needs_human_review
ISBEDEL	9626	needs_human_review
ISKUULKA	9621	needs_human_review
SHIRARKA	9614	needs_human_review
UNDER	9602	needs_human_review
IIRAAN	9599	needs_human_review
MAQNAA	9595	needs_human_review
YORK	9593	needs_human_review
SHANTA	9588	needs_human_review
SUUQYADA	9575	needs_human_review
DILO	9571	needs_human_review
RAGGII	9568	needs_human_review
AYADA	9566	needs_human_review
DEJINTA	9541	needs_human_review
AQBALI	9536	needs_human_review
RAYAALE	9528	needs_human_review
LABADABA	9506	needs_human_review
CADOWGA	9505	needs_human_review
UGUNA	9498	needs_human_review
SALEYSAN	9480	needs_human_review
DHAXEYSA	9478	needs_human_review
ABU	9476	needs_human_review
FARTA	9450	needs_human_review
ISTAAGAY	9434	needs_human_review
DHIIGGA	9427	needs_human_review
ILLAAHAY	9416	needs_human_review
TIMES	9412	needs_human_review
YEELATO	9400	needs_human_review
RASUULKA	9398	needs_human_review
DHIGAYA	9396	needs_human_review
JIMCAHA	9388	needs_human_review
RABAY	9386	needs_human_review
SOFTWARE	9378	needs_human_review
DIIDEEN	9371	needs_human_review
XAAWO	9365	needs_human_review
DHIRTA	9360	needs_human_review
CIDDII	9349	needs_human_review
XERYAHA	9338	needs_human_review
DEKADDA	9333	needs_human_review
MUUQAN	9333	needs_human_review
EEBE	9332	needs_human_review
SOCDAA	9332	needs_human_review
RABAAN	9325	needs_human_review
KURAASTA	9319	needs_human_review
INTABA	9310	needs_human_review
HADDAY	9307	needs_human_review
AASAASAY	9305	needs_human_review
DHIBKA	9305	needs_human_review
HASSAN	9302	needs_human_review
LAND	9299	needs_human_review
TAGA	9298	needs_human_review
NABI	9293	needs_human_review
KULAMADA	9280	needs_human_review
GUULO	9277	needs_human_review
CASILAY	9273	needs_human_review
OGNAHAY	9265	needs_human_review
MOURINHO	9252	needs_human_review
INTAAN	9247	needs_human_review
ARE	9246	needs_human_review
DILALKA	9246	needs_human_review
DOODAY	9223	needs_human_review
HAYSATO	9207	needs_human_review
DUBAI	9203	needs_human_review
IIGA	9198	needs_human_review
HOREEYA	9196	needs_human_review
TOONA	9184	needs_human_review
MAXAMUD	9169	needs_human_review
SHARE	9166	needs_human_review
ABDI	9159	needs_human_review
QAABKII	9154	needs_human_review
BEDELAY	9151	needs_human_review
QAADIN	9151	needs_human_review
DOONKA	9141	needs_human_review
QORTAY	9130	needs_human_review
HAYEEN	9122	needs_human_review
AANEY	9116	needs_human_review
SHEEKADA	9110	needs_human_review
SHACABKU	9109	needs_human_review
MILLION	9108	needs_human_review
DHIBCOOD	9091	needs_human_review
HOREBA	9088	needs_human_review
CAANSAN	9079	needs_human_review
DAVID	9063	needs_human_review
INEEY	9059	needs_human_review
SOCONAYA	9017	needs_human_review
CAQABAD	9015	needs_human_review
SOUTH	9011	needs_human_review
ERDOGAN	9007	needs_human_review
CARARAY	8997	needs_human_review
MADAARKA	8997	needs_human_review
DHALIYEY	8981	needs_human_review
XIISAHA	8975	needs_human_review
ISRAEL	8962	needs_human_review
HAYSTAY	8955	needs_human_review
QAYBTII	8953	needs_human_review
ADKEEYAY	8952	needs_human_review
FAHMI	8937	needs_human_review
HEESO	8921	needs_human_review
GACMAHA	8914	needs_human_review
WEYNAHA	8913	needs_human_review
DHALINTA	8908	needs_human_review
XALKA	8904	needs_human_review
HORTA	8897	needs_human_review
SIINAYO	8887	needs_human_review
MUUQATAY	8882	needs_human_review
MACDANTA	8877	needs_human_review
ABAARTA	8876	needs_human_review
COMMENT	8876	needs_human_review
HOLLAND	8871	needs_human_review
HABA	8869	needs_human_review
JEEDAAN	8854	needs_human_review
ISAAQ	8852	needs_human_review
HOWSHA	8826	needs_human_review
AWOODI	8825	needs_human_review
WEYNAA	8817	needs_human_review
KIISKA	8814	needs_human_review
BAAHNAA	8803	needs_human_review
SHIRAR	8789	needs_human_review
BAXSADAY	8785	needs_human_review
HAYSATA	8782	needs_human_review
DAGAALLO	8778	needs_human_review
GURYO	8772	needs_human_review
MOOSHIN	8769	needs_human_review
WAXUUNA	8769	needs_human_review
HADDUU	8768	needs_human_review
HELNAY	8767	needs_human_review
ABUUKAR	8764	needs_human_review
XOOGAGA	8759	needs_human_review
MOMBASA	8757	needs_human_review
XILIGAN	8748	needs_human_review
BARTO	8738	needs_human_review
AYAGOO	8735	needs_human_review
INSAANKA	8721	needs_human_review
BURUNDI	8715	needs_human_review
AALAHA	8713	needs_human_review
JACAYLKA	8700	needs_human_review
KASTAA	8694	needs_human_review
DARADA	8689	needs_human_review
WADNAHA	8685	needs_human_review
INSHA	8678	needs_human_review
SAXIIXA	8673	needs_human_review
LAGUMA	8669	needs_human_review
DOWLAHA	8649	needs_human_review
QABTA	8645	needs_human_review
IIBSIGA	8644	needs_human_review
CABDALLA	8641	needs_human_review
XILALKA	8640	needs_human_review
INAYNU	8631	needs_human_review
MARAYA	8629	needs_human_review
XAQIIQDA	8621	needs_human_review
ABUURO	8617	needs_human_review
DOONAYSO	8617	needs_human_review
MIDAWGA	8612	needs_human_review
NABADOON	8609	needs_human_review
AASHA	8607	needs_human_review
PARIS	8604	needs_human_review
MAXAMAD	8602	needs_human_review
MUSLIMKA	8591	needs_human_review
TAABAN	8590	needs_human_review
BILAABI	8583	needs_human_review
WAXEYNA	8582	needs_human_review
SAARTO	8571	needs_human_review
FILED	8564	needs_human_review
DOONTAAN	8546	needs_human_review
MADAXDII	8536	needs_human_review
TAASNA	8524	needs_human_review
AADAY	8515	needs_human_review
BARAAWE	8515	needs_human_review
GALIYO	8514	needs_human_review
BALCAD	8513	needs_human_review
IYAGANA	8498	needs_human_review
KORDHIYO	8468	needs_human_review
WARIYAHA	8460	needs_human_review
XAAF	8456	needs_human_review
EEGTAY	8454	needs_human_review
BOOLIS	8453	needs_human_review
WAXEEY	8451	needs_human_review
BADANA	8447	needs_human_review
SIDEED	8444	needs_human_review
KABADAN	8429	needs_human_review
FADHIGA	8423	needs_human_review
TAAGNAA	8423	needs_human_review
PAKISTAN	8420	needs_human_review
BOSASO	8418	needs_human_review
ROGAY	8408	needs_human_review
GALINTA	8407	needs_human_review
MADAAMA	8404	needs_human_review
DACWADA	8397	needs_human_review
SAMEYSO	8395	needs_human_review
WALBO	8393	needs_human_review
BIXIYA	8386	needs_human_review
GELIYEY	8386	needs_human_review
JAWAABTA	8381	needs_human_review
XUBNIHII	8368	needs_human_review
CODSIGA	8365	needs_human_review
HUBIYO	8358	needs_human_review
JAPAN	8358	needs_human_review
CAAWIYO	8346	needs_human_review
BARTAAN	8344	needs_human_review
FURTAY	8324	needs_human_review
UHURU	8321	needs_human_review
WAAWAYN	8303	needs_human_review
FIKIRKA	8281	needs_human_review
XEERARKA	8275	needs_human_review
WADEEN	8256	needs_human_review
ALBAABKA	8247	needs_human_review
QEYBTII	8247	needs_human_review
BOGAG	8246	needs_human_review
LUGTA	8225	needs_human_review
TAGTAY	8223	needs_human_review
XIRIIRTA	8221	needs_human_review
WATEEN	8205	needs_human_review
DERISKA	8192	needs_human_review
DIINI	8170	needs_human_review
GELINKII	8169	needs_human_review
BISHAAN	8150	needs_human_review
DENMARK	8143	needs_human_review
DIIRADA	8107	needs_human_review
EURO	8107	needs_human_review
GEYSTAAN	8101	needs_human_review
DILAL	8090	needs_human_review
HADHAY	8088	needs_human_review
LAABTAAN	8087	needs_human_review
LUGU	8078	needs_human_review
AHAADO	8073	needs_human_review
RAACIYEY	8065	needs_human_review
MAREEN	8058	needs_human_review
SHAQADII	8055	needs_human_review
BEELEED	8054	needs_human_review
QORAAGA	8045	needs_human_review
JEEDAA	8040	needs_human_review
NOOGA	8039	needs_human_review
IBRAHIM	8031	needs_human_review
MIISKA	8031	needs_human_review
UJEEDKA	8028	needs_human_review
DAAFACA	8014	needs_human_review
GUDBAY	7995	needs_human_review
SUURTO	7990	needs_human_review
SHIRKADO	7979	needs_human_review
AANAD	7977	needs_human_review
IYAGOONA	7974	needs_human_review
DALKII	7968	needs_human_review
SAMAYNTA	7959	needs_human_review
GAARTO	7951	needs_human_review
DOWLADII	7949	needs_human_review
DIRI	7947	needs_human_review
DHIGA	7945	needs_human_review
ARAGTAY	7942	needs_human_review
HORREEYA	7941	needs_human_review
AANSADAY	7932	needs_human_review
SEDDEX	7907	needs_human_review
NIGERIA	7895	needs_human_review
KOOXDAN	7883	needs_human_review
QURBAHA	7880	needs_human_review
LACAGEED	7879	needs_human_review
DHIIGA	7874	needs_human_review
OGAATO	7872	needs_human_review
BURBURKA	7867	needs_human_review
MARKAASI	7852	needs_human_review
TAAGAY	7849	needs_human_review
TALOOYIN	7848	needs_human_review
DILKII	7847	needs_human_review
DAILY	7838	needs_human_review
SAARAYO	7834	needs_human_review
DHALISAY	7830	needs_human_review
OGAYN	7830	needs_human_review
QURA	7827	needs_human_review
HADDAAN	7822	needs_human_review
ERGADA	7813	needs_human_review
BADALAY	7809	needs_human_review
BADEEDA	7804	needs_human_review
XARIGA	7796	needs_human_review
MIYIGA	7776	needs_human_review
OFFICE	7775	needs_human_review
TEGEY	7772	needs_human_review
FAHAD	7769	needs_human_review
MARYAN	7765	needs_human_review
HEYSTA	7756	needs_human_review
JOOGAA	7755	needs_human_review
JOOJINTA	7755	needs_human_review
KORDHAY	7740	needs_human_review
NOOCYO	7722	needs_human_review
QARANKU	7712	needs_human_review
AMIIN	7705	needs_human_review
MAANTANA	7698	needs_human_review
RUMEYSAN	7695	needs_human_review
QOLKA	7687	needs_human_review
FULIYO	7682	needs_human_review
HOOSEEYA	7678	needs_human_review
DAYAY	7669	needs_human_review
WABIGA	7669	needs_human_review
SAMEEYA	7667	needs_human_review
XILAL	7667	needs_human_review
BUUGGA	7666	needs_human_review
HADALADA	7666	needs_human_review
KARTID	7657	needs_human_review
XUKUNTAY	7645	needs_human_review
SABTIDA	7643	needs_human_review
HEESAHA	7642	needs_human_review
SHEEGAAN	7636	needs_human_review
LAGAA	7635	needs_human_review
LAYSKU	7635	needs_human_review
XAGAAGA	7627	needs_human_review
HARAY	7626	needs_human_review
DHABARKA	7619	needs_human_review
AASKA	7613	needs_human_review
OGTAHAY	7606	needs_human_review
WALAALO	7606	needs_human_review
NAFTOODA	7605	needs_human_review
DARTAY	7594	needs_human_review
JUUN	7579	needs_human_review
CIMILADA	7577	needs_human_review
MUUQDAAN	7576	needs_human_review
HADAAN	7551	needs_human_review
ADEEGSAN	7531	needs_human_review
GAADHEEN	7524	needs_human_review
KORDHA	7523	needs_human_review
FILAAN	7518	needs_human_review
AHAATO	7510	needs_human_review
AMARKA	7505	needs_human_review
IIBIYO	7498	needs_human_review
JOHN	7498	needs_human_review
AMAANAY	7495	needs_human_review
IIBKA	7495	needs_human_review
BOOSTADA	7480	needs_human_review
HADAY	7478	needs_human_review
XOOJIYO	7470	needs_human_review
CAYDIID	7469	needs_human_review
RAAXADA	7462	needs_human_review
YAAN	7462	needs_human_review
DOONEYSO	7449	needs_human_review
UURKA	7448	needs_human_review
CADEEYAY	7435	needs_human_review
KHALDAN	7434	needs_human_review
OROMADA	7431	needs_human_review
DISHAY	7429	needs_human_review
GABADHII	7428	needs_human_review
GUDBIYO	7423	needs_human_review
QAADEY	7423	needs_human_review
FADHIYO	7422	needs_human_review
TAAGEERA	7415	needs_human_review
KITAABKA	7413	needs_human_review
NAFTIISA	7394	needs_human_review
BIXIYEEN	7386	needs_human_review
YARIISOW	7377	needs_human_review
QARAXAN	7371	needs_human_review
HORTAGGA	7363	needs_human_review
WAXAAS	7358	needs_human_review
JOOJIYAY	7355	needs_human_review
RABA	7342	needs_human_review
SIDDA	7342	needs_human_review
SHABELLE	7310	needs_human_review
ASLUUBTA	7307	needs_human_review
INTIISA	7305	needs_human_review
GALKACYO	7297	needs_human_review
KAWADA	7289	needs_human_review
FEB	7266	needs_human_review
KHALAD	7263	needs_human_review
REERKA	7261	needs_human_review
GURICEEL	7255	needs_human_review
ISLAAMKU	7247	needs_human_review
BUURAHA	7241	needs_human_review
MUUQATAA	7231	needs_human_review
QUDHA	7230	needs_human_review
XALANE	7227	needs_human_review
BILOWGA	7224	needs_human_review
NAFTAADA	7224	needs_human_review
CIYAARA	7222	needs_human_review
HADDAAD	7220	needs_human_review
XARUMO	7218	needs_human_review
INGIRIIS	7213	needs_human_review
ASTAANTA	7208	needs_human_review
HADAAD	7203	needs_human_review
WANAAGA	7203	needs_human_review
SHEEGNAY	7201	needs_human_review
USII	7187	needs_human_review
INDIA	7185	needs_human_review
KEENAAN	7174	needs_human_review
BOOSKA	7164	needs_human_review
HANA	7159	needs_human_review
BEELOOD	7156	needs_human_review
XIISADDA	7152	needs_human_review
FILIMKA	7150	needs_human_review
RAACEEN	7145	needs_human_review
ERGAYGA	7144	needs_human_review
CUNO	7141	needs_human_review
GERMANY	7134	needs_human_review
NOLOLEED	7134	needs_human_review
URURRADA	7132	needs_human_review
GUULAHA	7128	needs_human_review
ASAGOO	7123	needs_human_review
SANADO	7117	needs_human_review
HADLEY	7116	needs_human_review
NOQDA	7103	needs_human_review
COLAADA	7101	needs_human_review
BEENIYAY	7098	needs_human_review
SHAKUUR	7096	needs_human_review
WAREEDYO	7092	needs_human_review
DHIGAYO	7084	needs_human_review
BILOWGII	7083	needs_human_review
HOBYO	7055	needs_human_review
MUDDADII	7054	needs_human_review
SAARIN	7054	needs_human_review
INTAY	7053	needs_human_review
BANDHIGI	7048	needs_human_review
LACAGTII	7046	needs_human_review
MAAHAN	7046	needs_human_review
SIMAHA	7043	needs_human_review
DAREEMAY	7035	needs_human_review
KAMPALA	7024	needs_human_review
AADAMKA	7022	needs_human_review
MUUJISAY	7018	needs_human_review
MARBA	7017	needs_human_review
KOOFURTA	7012	needs_human_review
ARINTAAN	7007	needs_human_review
LAKIIN	7003	needs_human_review
GAAREY	6991	needs_human_review
DIRAYAA	6984	needs_human_review
ARAGNIMO	6971	needs_human_review
JIMCAALE	6971	needs_human_review
PAGE	6969	needs_human_review
NOOCAAS	6967	needs_human_review
JUBADA	6960	needs_human_review
ISBADAL	6959	needs_human_review
YARA	6959	needs_human_review
ADEEGYO	6958	needs_human_review
AQBALAY	6953	needs_human_review
CALEEMO	6953	needs_human_review
GUDBO	6952	needs_human_review
LAGUU	6950	needs_human_review
HADLA	6942	needs_human_review
QALINKA	6940	needs_human_review
AYAN	6934	needs_human_review
COLAADDA	6934	needs_human_review
JOSE	6934	needs_human_review
QAASIM	6924	needs_human_review
MUSTAFE	6920	needs_human_review
NABIGA	6915	needs_human_review
XUMADA	6907	needs_human_review
GUDBIYEY	6906	needs_human_review
AXADDII	6891	needs_human_review
MARTIDA	6890	needs_human_review
URL	6890	needs_human_review
MACHADKA	6888	needs_human_review
HOOLKA	6883	needs_human_review
QIYAASAY	6883	needs_human_review
BAYERN	6879	needs_human_review
WARRAMAY	6876	needs_human_review
HEYSTO	6874	needs_human_review
INTEEDA	6862	needs_human_review
KULMO	6861	needs_human_review
MIDKOOD	6859	needs_human_review
IYADUNA	6852	needs_human_review
FULIYAAN	6851	needs_human_review
ABUURTAY	6846	needs_human_review
JECLAHAY	6846	needs_human_review
DAGAALKU	6832	needs_human_review
SALAADA	6824	needs_human_review
CIYAARAY	6823	needs_human_review
DAWLADU	6820	needs_human_review
GEYSAN	6819	needs_human_review
SABTIDII	6814	needs_human_review
SAREYSA	6802	needs_human_review
DUUBAY	6791	needs_human_review
JOOGEEN	6791	needs_human_review
LAMID	6786	needs_human_review
CARABKA	6774	needs_human_review
WAREEGGA	6774	needs_human_review
MUUQDO	6773	needs_human_review
AAGGA	6771	needs_human_review
RISAAQ	6764	needs_human_review
ISAGANA	6757	needs_human_review
HELAA	6747	needs_human_review
MARAYKAN	6743	needs_human_review
AWEYS	6742	needs_human_review
CAQLIGA	6730	needs_human_review
JIDADKA	6726	needs_human_review
SPORTS	6724	needs_human_review
IBRAAHIN	6723	needs_human_review
CARBEED	6718	needs_human_review
JAWAABO	6711	needs_human_review
KALEBA	6704	needs_human_review
MUNICH	6691	needs_human_review
WARKAN	6682	needs_human_review
JENERAAL	6678	needs_human_review
WAXYEELO	6678	needs_human_review
GUBAY	6664	needs_human_review
JAGADA	6657	needs_human_review
MILATARI	6657	needs_human_review
YARAA	6656	needs_human_review
JOOGI	6651	needs_human_review
FALKA	6633	needs_human_review
BAAHNA	6623	needs_human_review
OGAADAAN	6622	needs_human_review
LAAYAY	6616	needs_human_review
XALINTA	6609	needs_human_review
SANDUUQA	6598	needs_human_review
SAYLICI	6595	needs_human_review
ABUURI	6594	needs_human_review
SUURA	6593	needs_human_review
WAALIDKA	6583	needs_human_review
XIRNAA	6582	needs_human_review
BOOLISKU	6577	needs_human_review
JEN	6571	needs_human_review
OCT	6571	needs_human_review
LABADUBA	6569	needs_human_review
SOURCE	6569	needs_human_review
SUGAYO	6568	needs_human_review
SAMEEYAA	6563	needs_human_review
TANZANIA	6557	needs_human_review
SOCOTAA	6548	needs_human_review
DAGMADA	6544	needs_human_review
DILEY	6544	needs_human_review
HADLAYAA	6536	needs_human_review
QAADDAY	6535	needs_human_review
USA	6534	needs_human_review
DOWLADU	6532	needs_human_review
IDIINKU	6528	needs_human_review
CAWAALE	6525	needs_human_review
MAQAARKA	6519	needs_human_review
DKMG	6517	needs_human_review
DAMBEYSA	6513	needs_human_review
GOORDHOW	6510	needs_human_review
CAWAD	6507	needs_human_review
XIDHO	6506	needs_human_review
SOCDEY	6505	needs_human_review
QABTEY	6497	needs_human_review
HEERARKA	6476	needs_human_review
LOADING	6476	needs_human_review
SALAADDA	6474	needs_human_review
HOOSTAGA	6470	needs_human_review
BAAQAYAA	6469	needs_human_review
KUNOOL	6467	needs_human_review
AXMAD	6465	needs_human_review
MARAYAY	6464	needs_human_review
MIDABKA	6460	needs_human_review
ISTANBUL	6449	needs_human_review
BAASHE	6437	needs_human_review
LIXDA	6432	needs_human_review
CULUMADA	6431	needs_human_review
BARTIISA	6427	needs_human_review
BILIHII	6426	needs_human_review
RASAASTA	6423	needs_human_review
FOOSHA	6419	needs_human_review
JUN	6415	needs_human_review
LAACIBKA	6414	needs_human_review
BEERTA	6413	needs_human_review
HADALKAN	6412	needs_human_review
GOOBTII	6411	needs_human_review
WADAAGO	6406	needs_human_review
MAKA	6403	needs_human_review
RUUXA	6402	needs_human_review
QABIN	6400	needs_human_review
WADAMO	6399	needs_human_review
MEYDKA	6392	needs_human_review
SIIYEEN	6391	needs_human_review
APPLE	6378	needs_human_review
AYNAAN	6368	needs_human_review
OGAADEEN	6367	needs_human_review
CODADKA	6350	needs_human_review
DARI	6350	needs_human_review
GOLUHU	6349	needs_human_review
CADAWGA	6348	needs_human_review
DOORTEEN	6347	needs_human_review
XIISADA	6335	needs_human_review
DOORTAAN	6333	needs_human_review
YIDHAA	6323	needs_human_review
XADHIGA	6321	needs_human_review
FROM	6318	needs_human_review
MARIYO	6318	needs_human_review
ROOBOW	6311	needs_human_review
AMMAANAY	6300	needs_human_review
CARABIYA	6299	needs_human_review
CIIDA	6297	needs_human_review
NIMAN	6296	needs_human_review
AHAANEED	6290	needs_human_review
ADO	6286	needs_human_review
QARNIGII	6283	needs_human_review
HOWLGALA	6280	needs_human_review
AXSAABTA	6277	needs_human_review
BADNAYD	6275	needs_human_review
DAAROOD	6272	needs_human_review
WATAAN	6268	needs_human_review
WADDA	6266	needs_human_review
FULISAY	6260	needs_human_review
TATTOO	6259	needs_human_review
GARANAYN	6253	needs_human_review
XUDUUDA	6247	needs_human_review
JIRTEY	6239	needs_human_review
XIREEN	6234	needs_human_review
ARAGNAY	6227	needs_human_review
FARAY	6227	needs_human_review
LABADAAS	6220	needs_human_review
QOFNA	6217	needs_human_review
HADALLO	6214	needs_human_review
YOONIS	6213	needs_human_review
SIDAANA	6211	needs_human_review
MARAAN	6210	needs_human_review
WEYDIIN	6209	needs_human_review
GEEYEY	6190	needs_human_review
DEGMADDA	6182	needs_human_review
CHINA	6181	needs_human_review
SHIRKAAN	6179	needs_human_review
RBC	6176	needs_human_review
BANKIGA	6165	needs_human_review
BORAMA	6163	needs_human_review
KEENEEN	6163	needs_human_review
GOLLAHA	6145	needs_human_review
DARAJADA	6139	needs_human_review
BANDHIGO	6138	needs_human_review
WAQTIGAN	6134	needs_human_review
NUXURKA	6128	needs_human_review
DARISKA	6127	needs_human_review
WAAHEEN	6124	needs_human_review
BAXAYAAN	6119	needs_human_review
BAXDA	6116	needs_human_review
TURKIGU	6116	needs_human_review
DADAALO	6113	needs_human_review
SHORT	6110	needs_human_review
NEXT	6108	needs_human_review
ILAHA	6106	needs_human_review
MACNAHA	6103	needs_human_review
NUUX	6101	needs_human_review
AADNA	6090	needs_human_review
MARKAN	6090	needs_human_review
PSG	6085	needs_human_review
WIILKII	6083	needs_human_review
OGAA	6082	needs_human_review
BAANKA	6077	needs_human_review
HAYNTA	6070	needs_human_review
DADKOODA	6069	needs_human_review
MARWALBA	6066	needs_human_review
FINALKA	6064	needs_human_review
BADAL	6060	needs_human_review
XAALADO	6060	needs_human_review
NINKAASI	6058	needs_human_review
KACA	6057	needs_human_review
XIDIGA	6057	needs_human_review
JIBRIIL	6055	needs_human_review
HAWLO	6054	needs_human_review
QASHINKA	6054	needs_human_review
KARIIMKA	6051	needs_human_review
NAFTA	6051	needs_human_review
RABBIGU	6051	needs_human_review
WAAYAAN	6051	needs_human_review
BAAHNAYN	6048	needs_human_review
TEGI	6038	needs_human_review
SIRTA	6027	needs_human_review
SHIRDOON	6026	needs_human_review
HOWLO	6020	needs_human_review
CAADADA	6010	needs_human_review
OUR	6001	needs_human_review
YAREEYO	5998	needs_human_review
HOWLGALO	5989	needs_human_review
CIIDDA	5986	needs_human_review
SHEEGAA	5975	needs_human_review
NOQOTEE	5974	needs_human_review
SHEEKHA	5974	needs_human_review
GELISAY	5971	needs_human_review
MADIINA	5971	needs_human_review
DFKMG	5970	needs_human_review
HAKA	5970	needs_human_review
SABAHI	5970	needs_human_review
NIMO	5969	needs_human_review
FURI	5965	needs_human_review
QALBIGA	5965	needs_human_review
DAAWADA	5956	needs_human_review
CALOOSHA	5953	needs_human_review
AHBA	5944	needs_human_review
INTER	5932	needs_human_review
XULAY	5932	needs_human_review
TODAY	5931	needs_human_review
EEK	5930	needs_human_review
MAAMUSHO	5928	needs_human_review
KEENTO	5923	needs_human_review
WAFTI	5922	needs_human_review
XAJKA	5922	needs_human_review
UGALA	5920	needs_human_review
MUXAMED	5917	needs_human_review
BUUXIYAY	5916	needs_human_review
DALKEEDA	5913	needs_human_review
QADKA	5901	needs_human_review
DOONAYEY	5899	needs_human_review
YAABAY	5890	needs_human_review
DHULKII	5885	needs_human_review
WASIIRRO	5872	needs_human_review
HALGANKA	5871	needs_human_review
MARINTA	5865	needs_human_review
DAAHA	5863	needs_human_review
WANAAGGA	5862	needs_human_review
ARRINTAA	5860	needs_human_review
DADKIISA	5858	needs_human_review
LOOSOO	5843	needs_human_review
QARXIYAY	5843	needs_human_review
JUL	5842	needs_human_review
MOODAA	5838	needs_human_review
HELNO	5835	needs_human_review
KOBCINTA	5835	needs_human_review
WIILASHA	5835	needs_human_review
DACWADDA	5834	needs_human_review
ARCHIVE	5830	needs_human_review
ISNIINTA	5820	needs_human_review
XIRTA	5817	needs_human_review
INOOGU	5816	needs_human_review
HALA	5808	needs_human_review
SHIRKU	5808	needs_human_review
SYL	5806	needs_human_review
CAQABADO	5804	needs_human_review
ASALKA	5802	needs_human_review
DAWLADII	5801	needs_human_review
FIFA	5800	needs_human_review
MARKABKA	5799	needs_human_review
DUULAY	5797	needs_human_review
QABTAA	5796	needs_human_review
JAMES	5795	needs_human_review
SSC	5793	needs_human_review
DHAXEEYO	5789	needs_human_review
MAREYKAN	5787	needs_human_review
RABSHADO	5785	needs_human_review
KHAN	5784	needs_human_review
NAAFADA	5780	needs_human_review
FUREEN	5775	needs_human_review
HORSEEDI	5774	needs_human_review
OFF	5765	needs_human_review
ERGEYGA	5758	needs_human_review
QAACIDA	5743	needs_human_review
SUURAGAL	5731	needs_human_review
GAALADA	5728	needs_human_review
KADDIBNA	5728	needs_human_review
IIDADA	5726	needs_human_review
WAARA	5718	needs_human_review
XARIIQAY	5718	needs_human_review
ISAL	5716	needs_human_review
IRI	5706	needs_human_review
QAYBOOD	5706	needs_human_review
SHEEGTO	5703	needs_human_review
HAYSTAA	5699	needs_human_review
HOOYADII	5691	needs_human_review
DALKAAN	5690	needs_human_review
MAASUQA	5688	needs_human_review
XIRTAY	5683	needs_human_review
KULANTAY	5680	needs_human_review
MIDBA	5678	needs_human_review
XUQUUQUL	5678	needs_human_review
BAAHIYAY	5677	needs_human_review
MUXUMED	5677	needs_human_review
HADUU	5676	needs_human_review
MUUJIYO	5674	needs_human_review
ANDROID	5671	needs_human_review
WENGER	5668	needs_human_review
DIREEN	5667	needs_human_review
STADIUM	5667	needs_human_review
TAALO	5666	needs_human_review
ASXAABTA	5662	needs_human_review
REEBAY	5660	needs_human_review
BOQORKII	5658	needs_human_review
HAYSAY	5658	needs_human_review
SAFKA	5652	needs_human_review
DHEXEYSA	5648	needs_human_review
RUGTA	5648	needs_human_review
SIINAYA	5648	needs_human_review
XUMAA	5647	needs_human_review
XUDUR	5640	needs_human_review
LIONEL	5639	needs_human_review
SIWEYN	5627	needs_human_review
WEFTI	5627	needs_human_review
INAA	5622	needs_human_review
GAASKA	5618	needs_human_review
CADE	5611	needs_human_review
WEBIGA	5607	needs_human_review
BEDELI	5601	needs_human_review
TARSAN	5599	needs_human_review
DOODU	5597	needs_human_review
GUDI	5585	needs_human_review
BEENTA	5583	needs_human_review
HORTAGI	5578	needs_human_review
BAAQEEN	5574	needs_human_review
WATO	5574	needs_human_review
BADA	5573	needs_human_review
DEEQAHA	5572	needs_human_review
GARTAY	5565	needs_human_review
GALABSAN	5561	needs_human_review
GAARAYO	5556	needs_human_review
JECLAA	5554	needs_human_review
TABABARO	5554	needs_human_review
DAAFAHA	5553	needs_human_review
ILKA	5546	needs_human_review
KACAANKA	5545	needs_human_review
YARI	5545	needs_human_review
ABAARO	5541	needs_human_review
IDHI	5541	needs_human_review
YOUTUBE	5540	needs_human_review
QAADAA	5538	needs_human_review
NINKAAN	5532	needs_human_review
HILIBKA	5529	needs_human_review
ARTICLE	5525	needs_human_review
QABSATAY	5523	needs_human_review
MABDA	5521	needs_human_review
UNHCR	5518	needs_human_review
XILIGAAS	5512	needs_human_review
TILMAAMO	5510	needs_human_review
FADHIYAY	5503	needs_human_review
XUKUMADA	5502	needs_human_review
GALAYAAN	5501	needs_human_review
QORAALLO	5501	needs_human_review
BEELO	5500	needs_human_review
CAANAHA	5493	needs_human_review
ISLII	5492	needs_human_review
DEEQDA	5480	needs_human_review
YAALO	5480	needs_human_review
KHUSEEYA	5474	needs_human_review
GEEDKA	5472	needs_human_review
DHAMI	5469	needs_human_review
GUDBISAY	5465	needs_human_review
SHEEGA	5464	needs_human_review
GURIGII	5462	needs_human_review
WAARE	5462	needs_human_review
DESK	5461	needs_human_review
BAAHISAY	5456	needs_human_review
XIGAY	5455	needs_human_review
QOYSKII	5454	needs_human_review
JACEYLKA	5449	needs_human_review
MASUULKA	5438	needs_human_review
QARKA	5433	needs_human_review
ASKARIGA	5427	needs_human_review
XISBIGU	5425	needs_human_review
KOLBA	5424	needs_human_review
TASHIGA	5422	needs_human_review
WAYNA	5421	needs_human_review
CUDURADA	5417	needs_human_review
TAAGEERI	5416	needs_human_review
RAJADA	5413	needs_human_review
YEELI	5413	needs_human_review
HELEYNO	5409	needs_human_review
QORNAA	5398	needs_human_review
WALBANA	5398	needs_human_review
DHASHA	5396	needs_human_review
BADEED	5395	needs_human_review
WEJIGA	5393	needs_human_review
BARARKA	5385	needs_human_review
JABHADDA	5384	needs_human_review
ITALY	5381	needs_human_review
MAAYARKA	5380	needs_human_review
HANJABAY	5378	needs_human_review
QOREEN	5377	needs_human_review
HORMARKA	5375	needs_human_review
TPLF	5368	needs_human_review
ATLETICO	5356	needs_human_review
LIITA	5355	needs_human_review
EEGTO	5352	needs_human_review
ADIS	5347	needs_human_review
JEEDISAY	5340	needs_human_review
MANSUUR	5339	needs_human_review
HEYSO	5334	needs_human_review
EHELADA	5332	needs_human_review
THAT	5332	needs_human_review
SAYLAC	5328	needs_human_review
DHIBTA	5324	needs_human_review
OGOLAAN	5324	needs_human_review
KOOBNAA	5323	needs_human_review
FASALKA	5317	needs_human_review
CUP	5314	needs_human_review
LUULYO	5312	needs_human_review
ISDABA	5309	needs_human_review
JIRNAY	5307	needs_human_review
AMERICA	5304	needs_human_review
MAREEB	5302	needs_human_review
QAAHIRA	5298	needs_human_review
DEEQAY	5297	needs_human_review
EREYADA	5295	needs_human_review
NOQONAYO	5290	needs_human_review
SHAQEYSO	5290	needs_human_review
XUBINTA	5287	needs_human_review
DHEERAA	5286	needs_human_review
WAYDAY	5277	needs_human_review
CASUUMAY	5268	needs_human_review
XUMAADO	5264	needs_human_review
MIDAYSAN	5258	needs_human_review
BURBURAY	5257	needs_human_review
QOYSAS	5256	needs_human_review
DHEXDA	5255	needs_human_review
KOOXIHII	5253	needs_human_review
DHAQAAQA	5252	needs_human_review
XORTA	5248	needs_human_review
IFTIINKA	5246	needs_human_review
CODKOODA	5244	needs_human_review
XISBUL	5244	needs_human_review
ARKAYAY	5237	needs_human_review
DHACAYAY	5233	needs_human_review
GUURADII	5233	needs_human_review
RELATED	5230	needs_human_review
EEGIS	5227	needs_human_review
PAUL	5226	needs_human_review
SYRIA	5226	needs_human_review
GABDHOOD	5222	needs_human_review
SIDAAD	5219	needs_human_review
LIBYA	5218	needs_human_review
GARTO	5215	needs_human_review
KACDAY	5215	needs_human_review
DHIGIN	5211	needs_human_review
ERAYO	5210	needs_human_review
RAACDAY	5210	needs_human_review
MAALINBA	5208	needs_human_review
ANAGU	5204	needs_human_review
HABABKA	5198	needs_human_review
MAASUQ	5196	needs_human_review
TURKEY	5196	needs_human_review
MARAYAAN	5194	needs_human_review
GARAACAY	5193	needs_human_review
MUHIIMAD	5193	needs_human_review
DIIDO	5191	needs_human_review
SOONA	5186	needs_human_review
HORTIISA	5183	needs_human_review
GABEEYAY	5182	needs_human_review
WAREEGI	5179	needs_human_review
BEDELO	5177	needs_human_review
GEYSTO	5175	needs_human_review
QASRIGA	5173	needs_human_review
KAALMADA	5172	needs_human_review
RIYAALE	5171	needs_human_review
MICHAEL	5166	needs_human_review
DOONNO	5163	needs_human_review
KUWAIT	5156	needs_human_review
QABSADO	5155	needs_human_review
IGMADAY	5138	needs_human_review
GUDOONKA	5137	needs_human_review
CABSIDA	5136	needs_human_review
GOOBIHII	5135	needs_human_review
PORTUGAL	5134	needs_human_review
QAALIGA	5134	needs_human_review
GEYSATAY	5132	needs_human_review
BELGIUM	5131	needs_human_review
CODSATAY	5131	needs_human_review
SEP	5131	needs_human_review
DEC	5129	needs_human_review
GARANAYO	5129	needs_human_review
OGAHAY	5129	needs_human_review
GUDIDA	5126	needs_human_review
NINKEEDA	5124	needs_human_review
DOONAN	5121	needs_human_review
MOBILE	5119	needs_human_review
GAADHIN	5117	needs_human_review
AADAM	5114	needs_human_review
WEFTIGA	5113	needs_human_review
MAHIGA	5109	needs_human_review
AMIIRKA	5107	needs_human_review
HORTAGA	5107	needs_human_review
IBNU	5103	needs_human_review
SACUUDI	5101	needs_human_review
ANAGOO	5100	needs_human_review
BANDHIGA	5097	needs_human_review
GOOSTAY	5084	needs_human_review
ISTAAGO	5080	needs_human_review
HOTEELKA	5078	needs_human_review
NINKAAS	5078	needs_human_review
DANBAYN	5074	needs_human_review
MAANKA	5073	needs_human_review
ADKAATAY	5064	needs_human_review
TAQAAN	5061	needs_human_review
DHAMAAD	5052	needs_human_review
HAAYO	5046	needs_human_review
NICHOLAS	5042	needs_human_review
WHO	5031	needs_human_review
WAXTARKA	5029	needs_human_review
AUG	5028	needs_human_review
KOOXDU	5015	needs_human_review
NOV	5003	needs_human_review
LAMANA	5002	needs_human_review
GALISAY	5001	needs_human_review
KORDHAYA	4999	needs_human_review
VAN	4999	needs_human_review
DEKADA	4996	needs_human_review
QAADAYA	4996	needs_human_review
BADANNA	4994	needs_human_review
DHIGANTA	4993	needs_human_review
MUUNGAAB	4992	needs_human_review
MARAYSO	4989	needs_human_review
WARQADDA	4989	needs_human_review
RAGII	4984	needs_human_review
DUWANAA	4981	needs_human_review
SAARISTA	4980	needs_human_review
ARKIN	4975	needs_human_review
GALNAY	4975	needs_human_review
ADKAADAY	4971	needs_human_review
AWOODAHA	4968	needs_human_review
SIINAYAA	4964	needs_human_review
GELIYAAN	4955	needs_human_review
ROOBAB	4955	needs_human_review
XALIYO	4955	needs_human_review
SIIYA	4953	needs_human_review
CAGA	4952	needs_human_review
SAYNISKA	4952	needs_human_review
HAYAHA	4951	needs_human_review
RAADIYO	4950	needs_human_review
DANBEYN	4948	needs_human_review
YARTA	4944	needs_human_review
TIRA	4943	needs_human_review
RABNAA	4942	needs_human_review
TAGEY	4940	needs_human_review
GEESTA	4938	needs_human_review
DIIDKA	4934	needs_human_review
QIRAY	4934	needs_human_review
SONNA	4924	needs_human_review
FARAH	4920	needs_human_review
LAAMIGA	4919	needs_human_review
SADEXAAD	4918	needs_human_review
ARAGNO	4912	needs_human_review
DANYARTA	4910	needs_human_review
HABLAHA	4909	needs_human_review
JWXO	4908	needs_human_review
KUMEEL	4905	needs_human_review
YAALAY	4899	needs_human_review
JIRKAAN	4898	needs_human_review
NOOCAAN	4898	needs_human_review
SAARA	4895	needs_human_review
BADALI	4894	needs_human_review
ILKAHA	4891	needs_human_review
BOLIISKA	4889	needs_human_review
FULIYEY	4888	needs_human_review
BOSAASO	4887	needs_human_review
DABOOLKA	4880	needs_human_review
YAQAANNO	4876	needs_human_review
FURAHA	4870	needs_human_review
IYADANA	4870	needs_human_review
DHIGAYSA	4868	needs_human_review
HUMAN	4860	needs_human_review
ANSHAXA	4859	needs_human_review
AABE	4858	needs_human_review
KUBAD	4857	needs_human_review
WEYDIIYO	4857	needs_human_review
QIRTAY	4852	needs_human_review
HASA	4847	needs_human_review
FIIDKII	4844	needs_human_review
XIRKA	4844	needs_human_review
SUUBAN	4841	needs_human_review
MIDHO	4840	needs_human_review
ARKA	4839	needs_human_review
YAQAANAY	4839	needs_human_review
DAREEMI	4837	needs_human_review
DEYNTA	4837	needs_human_review
DEKEDAHA	4832	needs_human_review
COSOBLE	4826	needs_human_review
HURDADA	4826	needs_human_review
SIDAASNA	4825	needs_human_review
GABO	4824	needs_human_review
TIMI	4822	needs_human_review
ROOBKA	4818	needs_human_review
LAABTEEN	4817	needs_human_review
QABEEN	4812	needs_human_review
NEYMAR	4808	needs_human_review
RIGHTS	4804	needs_human_review
SAFTAY	4803	needs_human_review
GAADHAYA	4801	needs_human_review
ARRIMOOD	4799	needs_human_review
MAXAAN	4795	needs_human_review
JOOGTAY	4794	needs_human_review
XAGAAGAN	4782	needs_human_review
FOGAADO	4780	needs_human_review
EUROPE	4778	needs_human_review
QAABADA	4768	needs_human_review
SABABA	4768	needs_human_review
AFARTII	4751	needs_human_review
GAARISA	4749	needs_human_review
XILKAASI	4747	needs_human_review
RAIISUL	4740	needs_human_review
IPHONE	4739	needs_human_review
FURMAYA	4737	needs_human_review
KEATING	4735	needs_human_review
SUGI	4733	needs_human_review
BARYAYAA	4732	needs_human_review
GALEY	4732	needs_human_review
DUULAAN	4726	needs_human_review
AASO	4725	needs_human_review
XASUUQA	4723	needs_human_review
KUWADA	4722	needs_human_review
KARTAAN	4717	needs_human_review
QAATEY	4717	needs_human_review
HOYGA	4716	needs_human_review
QUDUS	4716	needs_human_review
XILIGAAN	4715	needs_human_review
HEYSTAAN	4711	needs_human_review
AYUUNA	4706	needs_human_review
NIMANKA	4706	needs_human_review
BEYLE	4705	needs_human_review
BIIRAAN	4705	needs_human_review
GUDBINTA	4702	needs_human_review
HOWLAN	4702	needs_human_review
MALAYSIA	4700	needs_human_review
AMEERIKA	4699	needs_human_review
JADWALKA	4697	needs_human_review
KUYAALA	4686	needs_human_review
DHIGTAAN	4683	needs_human_review
SHAQSIGA	4682	needs_human_review
LOOGANA	4674	needs_human_review
KAARKA	4673	needs_human_review
SIIYAA	4671	needs_human_review
CALEEMA	4670	needs_human_review
TIMAADA	4665	needs_human_review
KANI	4664	needs_human_review
ADEN	4662	needs_human_review
ARBACADA	4662	needs_human_review
KUFSIGA	4659	needs_human_review
WEERARRO	4659	needs_human_review
XAMUULKA	4659	needs_human_review
CEELASHA	4656	needs_human_review
CULIMO	4655	needs_human_review
BUKAANKA	4652	needs_human_review
DOONI	4649	needs_human_review
XAGJIRKA	4647	needs_human_review
MSF	4646	needs_human_review
ANKARA	4644	needs_human_review
DUQEYNTA	4644	needs_human_review
ROMA	4641	needs_human_review
OMAR	4638	needs_human_review
HAWLAN	4633	needs_human_review
DHACAYO	4630	needs_human_review
BAABA	4629	needs_human_review
AWOODIN	4626	needs_human_review
XIDIGAHA	4626	needs_human_review
SABABI	4624	needs_human_review
ANNAGU	4622	needs_human_review
URURINTA	4620	needs_human_review
AABIHII	4617	needs_human_review
REUTERS	4617	needs_human_review
HELAYA	4615	needs_human_review
SANADII	4614	needs_human_review
AHLUSUNA	4609	needs_human_review
BADDAN	4607	needs_human_review
ALSHABAB	4603	needs_human_review
QABADKA	4602	needs_human_review
DAGAY	4601	needs_human_review
DUMARKU	4600	needs_human_review
QAABABKA	4598	needs_human_review
HIIGSIGA	4596	needs_human_review
BAAHDO	4595	needs_human_review
XILKAAS	4594	needs_human_review
WAAYA	4593	needs_human_review
AGABKA	4592	needs_human_review
KUSUGAN	4586	needs_human_review
IDMO	4585	needs_human_review
JOOGIN	4585	needs_human_review
YAHIIN	4581	needs_human_review
DEGDEGGA	4580	needs_human_review
DHAWAAQO	4578	needs_human_review
DAHABKA	4577	needs_human_review
AAMINA	4575	needs_human_review
KACO	4575	needs_human_review
BAXAYO	4571	needs_human_review
DUNIDU	4569	needs_human_review
XIMAN	4569	needs_human_review
SAAXIIBO	4567	needs_human_review
XAAFADO	4563	needs_human_review
CADDA	4561	needs_human_review
AASIYA	4560	needs_human_review
YARAATEE	4557	needs_human_review
KULEYLKA	4555	needs_human_review
SENATOR	4555	needs_human_review
ISKULA	4554	needs_human_review
MIDKII	4553	needs_human_review
MARIYAY	4551	needs_human_review
ARDEYDA	4548	needs_human_review
GALAYO	4545	needs_human_review
CASINO	4543	needs_human_review
ALAABADA	4540	needs_human_review
BILAWDAY	4539	needs_human_review
SUGAYAA	4538	needs_human_review
QOFKASTA	4534	needs_human_review
CAYMISKA	4533	needs_human_review
EEGAYO	4533	needs_human_review
FILAYAY	4530	needs_human_review
NATO	4530	needs_human_review
DHEXEEYO	4526	needs_human_review
MILATERI	4525	needs_human_review
QAABAB	4524	needs_human_review
SHARMA	4522	needs_human_review
BADALO	4521	needs_human_review
MIRE	4520	needs_human_review
BIXISAA	4519	needs_human_review
IIBSADAY	4519	needs_human_review
ISIMADA	4519	needs_human_review
KUURIYA	4513	needs_human_review
AFRICAN	4509	needs_human_review
BEDDELAY	4506	needs_human_review
HAWEENKU	4503	needs_human_review
BADAHA	4501	needs_human_review
CIIDANKU	4501	needs_human_review
RAACAAN	4498	needs_human_review
DEEQA	4494	needs_human_review
GOOLAL	4490	needs_human_review
INU	4490	needs_human_review
BILICDA	4487	needs_human_review
CARABIGA	4487	needs_human_review
SUGAYAAN	4487	needs_human_review
HIDAHA	4486	needs_human_review
HAWEENAY	4485	needs_human_review
DAHAY	4483	needs_human_review
DHIIBTAY	4478	needs_human_review
WITH	4474	needs_human_review
GEELA	4471	needs_human_review
MATALAYA	4469	needs_human_review
AASAASKA	4468	needs_human_review
GAABIYO	4467	needs_human_review
DOODO	4465	needs_human_review
DOODDA	4458	needs_human_review
TELESOM	4458	needs_human_review
DEGTO	4456	needs_human_review
HAYSAA	4455	needs_human_review
BAAXADDA	4454	needs_human_review
BADISAY	4454	needs_human_review
DAAYEY	4448	needs_human_review
QIIMEYN	4445	needs_human_review
BAAHINTA	4439	needs_human_review
HORENA	4439	needs_human_review
ERAYGA	4437	needs_human_review
HOREEYO	4436	needs_human_review
SHARCIGU	4435	needs_human_review
TOOGTEEN	4435	needs_human_review
RAACA	4431	needs_human_review
ABAARUHU	4429	needs_human_review
INOOGA	4429	needs_human_review
UNUGYADA	4428	needs_human_review
DHASHEEN	4421	needs_human_review
KAYDKA	4420	needs_human_review
EEN	4414	needs_human_review
DHUXUSHA	4413	needs_human_review
DEEQO	4411	needs_human_review
AUDIO	4406	needs_human_review
SAFARKII	4404	needs_human_review
LAMBARKA	4402	needs_human_review
SALAAM	4401	needs_human_review
XOOGAGGA	4401	needs_human_review
FANAANKA	4399	needs_human_review
YAABKA	4387	needs_human_review
TASHAN	4386	needs_human_review
DHISTAY	4385	needs_human_review
DANBI	4384	needs_human_review
URURKII	4383	needs_human_review
NAASIR	4377	needs_human_review
BIDEN	4371	needs_human_review
HADALNAY	4371	needs_human_review
ISMA	4368	needs_human_review
GEELE	4362	needs_human_review
WEYDAY	4360	needs_human_review
XIRIIRO	4359	needs_human_review
AWOODO	4355	needs_human_review
BAANU	4355	needs_human_review
MAAMULI	4353	needs_human_review
MIRROR	4353	needs_human_review
XALIN	4353	needs_human_review
KHAASKA	4352	needs_human_review
BEDDELKA	4348	needs_human_review
CIDI	4347	needs_human_review
YAMAN	4347	needs_human_review
ILMUHU	4346	needs_human_review
ANTAHAY	4345	needs_human_review
KEENTA	4342	needs_human_review
DIGIL	4339	needs_human_review
AALADAHA	4337	needs_human_review
EEGNO	4333	needs_human_review
XISBIGII	4332	needs_human_review
ARKAYSAA	4331	needs_human_review
WAABA	4327	needs_human_review
JIRNO	4324	needs_human_review
NALOO	4321	needs_human_review
BENAADIR	4319	needs_human_review
GUDBAAN	4315	needs_human_review
HIDDAHA	4315	needs_human_review
BIXIYAA	4312	needs_human_review
JABHADA	4312	needs_human_review
WATCH	4309	needs_human_review
GUUSHII	4308	needs_human_review
HUBAA	4307	needs_human_review
TIIRKA	4304	needs_human_review
ILAALIYA	4303	needs_human_review
KENYAN	4301	needs_human_review
LUGAHA	4299	needs_human_review
IIBINTA	4297	needs_human_review
XUMAADAY	4296	needs_human_review
AADO	4288	needs_human_review
ARDAYDII	4285	needs_human_review
AJNABI	4282	needs_human_review
MEELOOD	4277	needs_human_review
ADUUN	4275	needs_human_review
EREYGA	4273	needs_human_review
IIBSADO	4272	needs_human_review
SIGAARKA	4272	needs_human_review
BOORIYAY	4266	needs_human_review
DHALIYO	4266	needs_human_review
XAFLADAN	4263	needs_human_review
MUQDISHU	4262	needs_human_review
DADKUNA	4260	needs_human_review
HEYSAN	4249	needs_human_review
CELIYAAN	4245	needs_human_review
LIGA	4244	needs_human_review
FARQIGA	4243	needs_human_review
NOQDEY	4242	needs_human_review
FASAXA	4236	needs_human_review
EHELADII	4235	needs_human_review
DEGTAY	4232	needs_human_review
MILITARI	4232	needs_human_review
WUUNA	4232	needs_human_review
BAM	4231	needs_human_review
ITOBIYA	4230	needs_human_review
DEGDEGA	4229	needs_human_review
FIIRIYO	4225	needs_human_review
GAYSTEEN	4224	needs_human_review
QARAXU	4224	needs_human_review
WEST	4221	needs_human_review
CELISAY	4220	needs_human_review
KOOBAY	4218	needs_human_review
SHAQA	4218	needs_human_review
DUQEYMO	4213	needs_human_review
KUBBADDA	4211	needs_human_review
BAYDHABA	4210	needs_human_review
NINKU	4210	needs_human_review
DEGAANO	4206	needs_human_review
AKHRISKA	4205	needs_human_review
ASC	4204	needs_human_review
GALIYEY	4204	needs_human_review
SALMAAN	4201	needs_human_review
AFRIKAAN	4199	needs_human_review
DADKAAN	4198	needs_human_review
WUXUNA	4198	needs_human_review
SEO	4196	needs_human_review
JOOJISAY	4193	needs_human_review
HADAFKA	4192	needs_human_review
HAVE	4184	needs_human_review
QORAALO	4181	needs_human_review
CAYAARTA	4179	needs_human_review
PUTIN	4176	needs_human_review
FIKRADDA	4175	needs_human_review
HIIRAALE	4172	needs_human_review
CIDINA	4170	needs_human_review
OLD	4170	needs_human_review
AWQAAFTA	4167	needs_human_review
ILAAHEY	4166	needs_human_review
WARKII	4166	needs_human_review
DARAYA	4163	needs_human_review
FALKAASI	4159	needs_human_review
SUGAYA	4155	needs_human_review
AMB	4152	needs_human_review
AABAHA	4151	needs_human_review
BEDDELI	4150	needs_human_review
DHISIDDA	4149	needs_human_review
GABADHAN	4147	needs_human_review
SAAREY	4146	needs_human_review
ONE	4145	needs_human_review
AADANIMO	4141	needs_human_review
JOOJIYEY	4141	needs_human_review
DAMAANAD	4139	needs_human_review
FADHIYEY	4138	needs_human_review
SUGO	4138	needs_human_review
LAGUSOO	4137	needs_human_review
HELAYAA	4135	needs_human_review
KACEEN	4133	needs_human_review
BIYUHU	4125	needs_human_review
EGTAHAY	4118	needs_human_review
URURO	4114	needs_human_review
HOREYSA	4113	needs_human_review
MEYDADKA	4112	needs_human_review
BADH	4111	needs_human_review
WIILKAN	4111	needs_human_review
XALLINTA	4109	needs_human_review
ENGLISH	4106	needs_human_review
XARUNTII	4103	needs_human_review
JEEDIYO	4097	needs_human_review
AIRPORT	4095	needs_human_review
BILE	4093	needs_human_review
XAALKA	4091	needs_human_review
XAAMUD	4090	needs_human_review
OSLO	4089	needs_human_review
WEBKA	4089	needs_human_review
WAJAALE	4088	needs_human_review
DHAHAY	4083	needs_human_review
DUKAANKA	4082	needs_human_review
DHAHO	4080	needs_human_review
SHEEKHU	4079	needs_human_review
DANBEEYA	4078	needs_human_review
TOTAL	4078	needs_human_review
UGAASKA	4077	needs_human_review
BILAHA	4075	needs_human_review
MIRAHA	4074	needs_human_review
SHARAXAY	4059	needs_human_review
UEFA	4057	needs_human_review
XUSO	4056	needs_human_review
LAMAANE	4055	needs_human_review
XARIIRA	4052	needs_human_review
BRUSSELS	4051	needs_human_review
DHAQMAAN	4050	needs_human_review
XUDUUDDA	4049	needs_human_review
DALABKA	4047	needs_human_review
BILOWDO	4044	needs_human_review
SARIIRTA	4042	needs_human_review
WIILAL	4042	needs_human_review
QAXAY	4041	needs_human_review
BAYAANKA	4040	needs_human_review
JAWIGA	4040	needs_human_review
WAXAAY	4039	needs_human_review
DEJIYAY	4038	needs_human_review
HURAAN	4038	needs_human_review
LUUQADA	4038	needs_human_review
GACMO	4033	needs_human_review
SOONKA	4028	needs_human_review
UNICEF	4026	needs_human_review
KAARAAN	4025	needs_human_review
NATIONAL	4022	needs_human_review
FEDERAL	4021	needs_human_review
DAYEEN	4019	needs_human_review
FREE	4019	needs_human_review
HADASHA	4018	needs_human_review
XIRIIRAY	4018	needs_human_review
XADHIG	4017	needs_human_review
HEYSATA	4015	needs_human_review
AHAANNA	4014	needs_human_review
LASII	4011	needs_human_review
FURMI	4010	needs_human_review
XUKUMO	4008	needs_human_review
TOP	4003	needs_human_review
WADAAGTO	4003	needs_human_review
DEGANAA	4002	needs_human_review
ISTAAGI	4002	needs_human_review
SAINT	3999	needs_human_review
KANADA	3998	needs_human_review
SAQDII	3997	needs_human_review
BULSHA	3996	needs_human_review
IYADOON	3990	needs_human_review
AFRAX	3985	needs_human_review
SHAAHA	3983	needs_human_review
BUURTA	3979	needs_human_review
TARANKA	3976	needs_human_review
UGANA	3976	needs_human_review
DEEQDAY	3975	needs_human_review
TAXAABAY	3975	needs_human_review
XADAY	3973	needs_human_review
MARWADA	3971	needs_human_review
XFS	3971	needs_human_review
QARAXAAS	3970	needs_human_review
DHIGTA	3969	needs_human_review
OGAATAY	3969	needs_human_review
AYAYNU	3968	needs_human_review
GAAREYSA	3968	needs_human_review
TILMAAMI	3968	needs_human_review
DHOOFAY	3964	needs_human_review
DHACAYSO	3960	needs_human_review
KOLONYO	3960	needs_human_review
ALL	3956	needs_human_review
FIKRADO	3955	needs_human_review
BEESHU	3953	needs_human_review
QORSHUHU	3950	needs_human_review
WAYNE	3948	needs_human_review
XUDUUD	3948	needs_human_review
XUDUUDKA	3948	needs_human_review
HAWLGALA	3946	needs_human_review
LAHAYEEN	3945	needs_human_review
WADATA	3945	needs_human_review
XALIIMO	3945	needs_human_review
CIIDAMMO	3944	needs_human_review
GALGALA	3944	needs_human_review
DHACAYSA	3943	needs_human_review
MAAMULA	3941	needs_human_review
DIGTAY	3939	needs_human_review
HARTAY	3939	needs_human_review
DHACDEY	3937	needs_human_review
DILAAN	3933	needs_human_review
JAARKA	3932	needs_human_review
NOQDAA	3929	needs_human_review
TALLO	3929	needs_human_review
GOODAX	3928	needs_human_review
LINK	3927	needs_human_review
NAAGTA	3927	needs_human_review
WAJAHDAY	3926	needs_human_review
XISAABTA	3925	needs_human_review
BIYA	3924	needs_human_review
WAXAADNA	3922	needs_human_review
XOREYNTA	3922	needs_human_review
HEYN	3920	needs_human_review
QOFOOD	3920	needs_human_review
INAADAN	3918	needs_human_review
SALIIDDA	3917	needs_human_review
WAYNU	3917	needs_human_review
ARKE	3916	needs_human_review
EEGAY	3916	needs_human_review
SAAMIGA	3915	needs_human_review
SHEEGTA	3915	needs_human_review
HADASHO	3914	needs_human_review
POLICE	3914	needs_human_review
ARAGNAA	3910	needs_human_review
LAABATAY	3910	needs_human_review
CLOSED	3908	needs_human_review
DEJIYO	3906	needs_human_review
TAGIN	3901	needs_human_review
HABAYNTA	3899	needs_human_review
HAYNAA	3899	needs_human_review
WEYNI	3899	needs_human_review
BOOBKA	3898	needs_human_review
DHEGAYSO	3898	needs_human_review
BEDELKA	3897	needs_human_review
DHUUSA	3897	needs_human_review
KEYDKA	3897	needs_human_review
MAGAALDA	3893	needs_human_review
DAMBAYSA	3890	needs_human_review
AANKAN	3885	needs_human_review
GACANKA	3882	needs_human_review
DEEGANKA	3881	needs_human_review
LAGUGU	3881	needs_human_review
ABAARTU	3879	needs_human_review
WIXI	3878	needs_human_review
ODINGA	3876	needs_human_review
EEDEYSAY	3875	needs_human_review
XUSUUSTA	3875	needs_human_review
ARGAGAX	3874	needs_human_review
JIIFKA	3873	needs_human_review
GAADHAAN	3872	needs_human_review
QIIMEEYO	3871	needs_human_review
XOGO	3870	needs_human_review
DHAMEEYO	3865	needs_human_review
XUSTAY	3861	needs_human_review
WADAAGA	3857	needs_human_review
SADEXDA	3850	needs_human_review
RUUSHKU	3847	needs_human_review
YAHOO	3846	needs_human_review
ANN	3843	needs_human_review
BANK	3842	needs_human_review
HUBO	3842	needs_human_review
UULKA	3841	needs_human_review
FAHAM	3839	needs_human_review
ISKUNA	3839	needs_human_review
MURASHAX	3839	needs_human_review
WARAMAYA	3836	needs_human_review
LIYUU	3835	needs_human_review
DAYNIILE	3834	needs_human_review
BIXINAYO	3833	needs_human_review
LUQADDA	3833	needs_human_review
DHIGAYAA	3824	needs_human_review
DIRAYAAN	3822	needs_human_review
IDINLA	3821	needs_human_review
JAWAABI	3819	needs_human_review
GOLIS	3818	needs_human_review
GOOLASHA	3818	needs_human_review
SUGAYAY	3817	needs_human_review
GOORTA	3814	needs_human_review
BARAY	3811	needs_human_review
CAAWINTA	3811	needs_human_review
HELAYAAN	3809	needs_human_review
RAKAABKA	3805	needs_human_review
ASAASIGA	3800	needs_human_review
INNAGU	3800	needs_human_review
SILAANYO	3798	needs_human_review
AQBALO	3797	needs_human_review
MUU	3796	needs_human_review
ANTONIO	3795	needs_human_review
CABANAYA	3793	needs_human_review
SAREEYO	3793	needs_human_review
WAFTIGA	3792	needs_human_review
MOON	3790	needs_human_review
IHI	3788	needs_human_review
QORYAHA	3787	needs_human_review
BARTEEN	3786	needs_human_review
WAXANU	3786	needs_human_review
TIGRAY	3785	needs_human_review
QAALISAN	3783	needs_human_review
DHAFKA	3781	needs_human_review
FADHIYAA	3779	needs_human_review
GUTAAN	3779	needs_human_review
OOGAY	3772	needs_human_review
AJAANIB	3771	needs_human_review
JFS	3771	needs_human_review
NEED	3770	needs_human_review
TODOBO	3767	needs_human_review
WAFDIGII	3763	needs_human_review
BEEGMAYA	3762	needs_human_review
STAR	3762	needs_human_review
SHEGAY	3761	needs_human_review
KORKIISA	3757	needs_human_review
UNDP	3754	needs_human_review
GEYNTA	3753	needs_human_review
SALAH	3753	needs_human_review
TALIYAY	3752	needs_human_review
DHAWAA	3749	needs_human_review
QAADIDA	3749	needs_human_review
CARAREEN	3746	needs_human_review
MABA	3744	needs_human_review
CUDURKAN	3742	needs_human_review
DAWLIGA	3741	needs_human_review
TARTAMO	3740	needs_human_review
ROGTAY	3738	needs_human_review
MIRIFLE	3732	needs_human_review
KIISASKA	3730	needs_human_review
QORRAXDA	3730	needs_human_review
DHIMIRKA	3727	needs_human_review
NOOLAADO	3727	needs_human_review
TALIYA	3726	needs_human_review
BAXAYSA	3725	needs_human_review
SUNTA	3725	needs_human_review
APR	3719	needs_human_review
SIINTA	3718	needs_human_review
DARIIQA	3717	needs_human_review
SARAYSA	3716	needs_human_review
QAYBSIGA	3715	needs_human_review
CATEGORY	3714	needs_human_review
WAXBADAN	3714	needs_human_review
ERAY	3713	needs_human_review
DALBATAY	3710	needs_human_review
WAAGII	3710	needs_human_review
BUULA	3707	needs_human_review
QORIGA	3707	needs_human_review
TAXANAHA	3707	needs_human_review
TALIYO	3704	needs_human_review
CUNA	3703	needs_human_review
ADKAA	3702	needs_human_review
MIYAAD	3702	needs_human_review
XIGEENKU	3702	needs_human_review
GASHA	3700	needs_human_review
ANSIXIYO	3698	needs_human_review
BAAHIYEY	3696	needs_human_review
XILKAN	3695	needs_human_review
QORMADAN	3693	needs_human_review
KARAY	3692	needs_human_review
WILLIAM	3692	needs_human_review
GALYADA	3691	needs_human_review
GOLIHII	3691	needs_human_review
JABIYAY	3690	needs_human_review
DOWLIGA	3689	needs_human_review
QURXINTA	3686	needs_human_review
DHINTAAN	3685	needs_human_review
VIEW	3685	needs_human_review
BOGAGGA	3682	needs_human_review
XILIYADA	3681	needs_human_review
DHUFATAY	3680	needs_human_review
DIIDMADA	3678	needs_human_review
HOGAAN	3673	needs_human_review
SHABAQA	3671	needs_human_review
JINSIGA	3669	needs_human_review
QAATAA	3669	needs_human_review
DEGI	3668	needs_human_review
QAYBINTA	3668	needs_human_review
CELISO	3667	needs_human_review
DHIGTEEN	3667	needs_human_review
IMID	3667	needs_human_review
CSW	3666	needs_human_review
KEENIN	3665	needs_human_review
ANIGUNA	3661	needs_human_review
DHINTO	3659	needs_human_review
QIYAASTA	3659	needs_human_review
ASKARTII	3658	needs_human_review
DOODAYA	3658	needs_human_review
DIIMEED	3657	needs_human_review
DHIGIISA	3654	needs_human_review
GEERIDII	3650	needs_human_review
TIBAAXAY	3649	needs_human_review
ISOO	3646	needs_human_review
FAHMAAN	3644	needs_human_review
HELA	3644	needs_human_review
CADDEYN	3643	needs_human_review
KEENAYA	3643	needs_human_review
DIRAAN	3642	needs_human_review
GOORDHAW	3642	needs_human_review
QAADAYAA	3638	needs_human_review
CAAWIYA	3637	needs_human_review
MADAXII	3637	needs_human_review
XASUUQAY	3637	needs_human_review
DOONAYSA	3635	needs_human_review
GARAADKA	3635	needs_human_review
GUUTADA	3633	needs_human_review
MAYNO	3631	needs_human_review
DHACDAA	3629	needs_human_review
AANA	3623	needs_human_review
CEELBUUR	3620	needs_human_review
AROOSKA	3619	needs_human_review
XAKIIN	3618	needs_human_review
NUUCA	3617	needs_human_review
KIM	3614	needs_human_review
AMAZON	3612	needs_human_review
UDIINKA	3612	needs_human_review
SHEEGTEY	3610	needs_human_review
HAYNIN	3609	needs_human_review
KUGULA	3606	needs_human_review
BADNEYD	3605	needs_human_review
BADIYAY	3601	needs_human_review
CAAWIYAY	3600	needs_human_review
DHAAFTAY	3600	needs_human_review
GUURADA	3600	needs_human_review
ISIS	3599	needs_human_review
JOOJISO	3599	needs_human_review
GARADKA	3598	needs_human_review
BATAY	3596	needs_human_review
QASAARO	3596	needs_human_review
VERSION	3596	needs_human_review
DHIGNAA	3595	needs_human_review
DOONEYSA	3592	needs_human_review
ERYAY	3589	needs_human_review
CIIDAMDA	3588	needs_human_review
LOS	3588	needs_human_review
ARRINTU	3585	needs_human_review
FAHAMKA	3584	needs_human_review
BIIRTAY	3582	needs_human_review
OOGA	3578	needs_human_review
KUBBADA	3576	needs_human_review
REE	3576	needs_human_review
WINDOWS	3575	needs_human_review
FIICNAA	3574	needs_human_review
AADA	3573	needs_human_review
ABGAAL	3573	needs_human_review
MUKARAMA	3572	needs_human_review
RASUULKU	3571	needs_human_review
CASILO	3568	needs_human_review
ABUURAAN	3567	needs_human_review
BADNAYN	3567	needs_human_review
RAISUL	3567	needs_human_review
DIIDEY	3565	needs_human_review
INEYSAN	3565	needs_human_review
AMARKII	3564	needs_human_review
XOGAHA	3564	needs_human_review
ISKOOD	3562	needs_human_review
WADAAGI	3561	needs_human_review
AGOONTA	3558	needs_human_review
ARAWEELO	3557	needs_human_review
DOOWLADA	3556	needs_human_review
XUSI	3556	needs_human_review
MUSHAHAR	3549	needs_human_review
ASAD	3548	needs_human_review
GALIYAAN	3548	needs_human_review
ARKAYAA	3542	needs_human_review
XUMAANTA	3540	needs_human_review
SPORT	3539	needs_human_review
CULUMAA	3536	needs_human_review
HABEENKA	3534	needs_human_review
TAGAYO	3531	needs_human_review
SAARAYA	3529	needs_human_review
WAFDIGAN	3529	needs_human_review
SIIRIYA	3526	needs_human_review
CUNAAN	3522	needs_human_review
HAYNO	3521	needs_human_review
JAZEERA	3520	needs_human_review
CADAAN	3515	needs_human_review
DULMIGA	3514	needs_human_review
DHINACBA	3513	needs_human_review
MIINADA	3512	needs_human_review
AMARTAY	3510	needs_human_review
HAYSATAA	3509	needs_human_review
FULL	3502	needs_human_review
SHURUUDO	3502	needs_human_review
DAWLAHA	3501	needs_human_review
SWT	3501	needs_human_review
WELINA	3498	needs_human_review
SHANTII	3495	needs_human_review
WADAAGAY	3494	needs_human_review
UGAGA	3493	needs_human_review
BAARGAAL	3492	needs_human_review
JAMA	3492	needs_human_review
CELINAYO	3490	needs_human_review
MUST	3490	needs_human_review
HABEYN	3487	needs_human_review
WERIYAHA	3485	needs_human_review
KOOBKII	3482	needs_human_review
SIDDII	3482	needs_human_review
XAASKA	3481	needs_human_review
DADKANA	3479	needs_human_review
GEYSTEY	3479	needs_human_review
KHAALID	3479	needs_human_review
KABTANKA	3476	needs_human_review
DHAXE	3474	needs_human_review
XULALKA	3472	needs_human_review
WFP	3471	needs_human_review
GADUUD	3469	needs_human_review
WEYNA	3469	needs_human_review
BAADHIS	3464	needs_human_review
QEYBDIID	3464	needs_human_review
EEGIN	3463	needs_human_review
BADANAYA	3461	needs_human_review
GACMEED	3461	needs_human_review
ILAALISO	3460	needs_human_review
XAALKU	3460	needs_human_review
CULEYSKA	3458	needs_human_review
WAANAN	3458	needs_human_review
QASBAY	3455	needs_human_review
BAXAYAY	3453	needs_human_review
QABSOOMI	3453	needs_human_review
ZIDANE	3452	needs_human_review
NOQOTEY	3451	needs_human_review
AADAYA	3450	needs_human_review
DOWLADO	3450	needs_human_review
TALYAANI	3448	needs_human_review
TODOBA	3446	needs_human_review
UULIYAD	3446	needs_human_review
RABTAA	3444	needs_human_review
FILIMADA	3443	needs_human_review
NAXDINTA	3443	needs_human_review
DHOWRKA	3442	needs_human_review
AAMINAAD	3441	needs_human_review
PRO	3440	needs_human_review
MALA	3433	needs_human_review
HEYSTAY	3430	needs_human_review
TIIRARKA	3430	needs_human_review
MAGACYO	3429	needs_human_review
BOOQAN	3428	needs_human_review
FURTO	3426	needs_human_review
GALAYDH	3425	needs_human_review
BARYAY	3424	needs_human_review
RED	3423	needs_human_review
AADEN	3421	needs_human_review
LABADAAN	3420	needs_human_review
WARQADA	3420	needs_human_review
GINNI	3418	needs_human_review
MAXALIGA	3418	needs_human_review
XAFLADII	3417	needs_human_review
AROORTII	3416	needs_human_review
KARAYN	3416	needs_human_review
DHAMAADO	3413	needs_human_review
BARIIRE	3411	needs_human_review
LUIS	3411	needs_human_review
BOODAY	3408	needs_human_review
SAYIDKA	3407	needs_human_review
MAKKA	3406	needs_human_review
XULISTA	3406	needs_human_review
DADKEENA	3403	needs_human_review
HOGAAMIN	3402	needs_human_review
DHIGEY	3394	needs_human_review
DIREY	3391	needs_human_review
GABADHU	3391	needs_human_review
AADAMAHA	3387	needs_human_review
HORREYN	3386	needs_human_review
WARKU	3386	needs_human_review
WAXASE	3386	needs_human_review
CADEEYEY	3383	needs_human_review
DAAWAN	3383	needs_human_review
POSTS	3382	needs_human_review
GARTEEN	3381	needs_human_review
BADEEDKA	3378	needs_human_review
COMPUTER	3376	needs_human_review
JANNADA	3375	needs_human_review
AKHRIYAY	3373	needs_human_review
CABBIRKA	3373	needs_human_review
ERAYADA	3371	needs_human_review
APP	3370	needs_human_review
DHAAFKA	3369	needs_human_review
AFJARO	3368	needs_human_review
KOLEYGA	3364	needs_human_review
FADHIGII	3362	needs_human_review
GEESTAY	3362	needs_human_review
AXADDA	3361	needs_human_review
DHOOFIYO	3360	needs_human_review
CIQAABTA	3359	needs_human_review
AHAADAAN	3356	needs_human_review
GOYNTA	3356	needs_human_review
JIHAADKA	3356	needs_human_review
MARINKA	3356	needs_human_review
SHAXDA	3354	needs_human_review
DHAAFO	3353	needs_human_review
HERE	3353	needs_human_review
RWANDA	3351	needs_human_review
XIRI	3350	needs_human_review
DAYEY	3346	needs_human_review
DUUBOO	3346	needs_human_review
HEYNTA	3346	needs_human_review
HADLAAYO	3345	needs_human_review
JIILKA	3343	needs_human_review
LAYS	3342	needs_human_review
SEDEX	3340	needs_human_review
HADDI	3338	needs_human_review
LAAYEY	3338	needs_human_review
LOOLANKA	3336	needs_human_review
BADEEDDA	3335	needs_human_review
ARINTAA	3334	needs_human_review
MAYSO	3327	needs_human_review
AXADA	3320	needs_human_review
XIDHA	3320	needs_human_review
XASUUSTO	3318	needs_human_review
CIGE	3316	needs_human_review
CUNI	3316	needs_human_review
SAARAA	3316	needs_human_review
HTTPS	3315	needs_human_review
KALIGII	3314	needs_human_review
EDITOR	3313	needs_human_review
AFP	3312	needs_human_review
SADE	3312	needs_human_review
AFMADOW	3311	needs_human_review
CIIDUL	3311	needs_human_review
TAREENKA	3310	needs_human_review
WAXAANSE	3310	needs_human_review
JEEDINTA	3309	needs_human_review
WALINA	3308	needs_human_review
WAXKASTA	3308	needs_human_review
GAADHIGA	3307	needs_human_review
GUDDIGU	3306	needs_human_review
MOSCOW	3306	needs_human_review
CODSAN	3305	needs_human_review
CAMEY	3304	needs_human_review
SAMAALE	3304	needs_human_review
JOOGNO	3303	needs_human_review
KAARARKA	3303	needs_human_review
SUAREZ	3301	needs_human_review
BANADIR	3300	needs_human_review
GEDISAN	3300	needs_human_review
PREVIOUS	3300	needs_human_review
DOORATAY	3299	needs_human_review
SOOMALI	3299	needs_human_review
DHINTEY	3297	needs_human_review
DHAQAAQO	3295	needs_human_review
MAQLO	3294	needs_human_review
BLUES	3291	needs_human_review
KASTANA	3290	needs_human_review
WAARTA	3289	needs_human_review
UJEEDO	3285	needs_human_review
QAADATAA	3284	needs_human_review
HAYSTEEN	3283	needs_human_review
KHAMRIGA	3282	needs_human_review
FULISO	3280	needs_human_review
WAJAHAY	3279	needs_human_review
OGOLAADO	3276	needs_human_review
BIXINAYA	3275	needs_human_review
GUNNERS	3275	needs_human_review
ADKEEYEY	3274	needs_human_review
HUSSEIN	3274	needs_human_review
MARTA	3274	needs_human_review
XUKUNKII	3273	needs_human_review
HUWANTA	3272	needs_human_review
CUSUBI	3271	needs_human_review
MARIYEY	3271	needs_human_review
HELAYNO	3270	needs_human_review
ARDAYGA	3268	needs_human_review
MACAANKA	3268	needs_human_review
XASUUQII	3268	needs_human_review
QANCIYO	3265	needs_human_review
SAARAYAA	3261	needs_human_review
TORONTO	3260	needs_human_review
CAAWISO	3259	needs_human_review
ILAHAY	3259	needs_human_review
ILEY	3259	needs_human_review
AFRIKADA	3257	needs_human_review
RAJONEWS	3257	needs_human_review
MARKEY	3256	needs_human_review
SHEEGAN	3255	needs_human_review
DOODI	3251	needs_human_review
SUGAAN	3250	needs_human_review
WADAADKA	3250	needs_human_review
MUSE	3249	needs_human_review
BOLISKA	3248	needs_human_review
CALAMADA	3248	needs_human_review
IDIINKA	3248	needs_human_review
YAQAANAA	3246	needs_human_review
DHISTO	3245	needs_human_review
OSMAN	3244	needs_human_review
SALMAN	3243	needs_human_review
EREYO	3242	needs_human_review
GALINKII	3241	needs_human_review
ALSO	3240	needs_human_review
GUDDIGII	3237	needs_human_review
ILAAHA	3237	needs_human_review
IKRAAN	3236	needs_human_review
XUMAHAY	3236	needs_human_review
QAADANAY	3233	needs_human_review
WALLOW	3233	needs_human_review
FARXADDA	3232	needs_human_review
MAYDKA	3232	needs_human_review
GELIYEEN	3231	needs_human_review
SIDI	3230	needs_human_review
MUSUQA	3227	needs_human_review
XEERKAN	3226	needs_human_review
UBADKA	3225	needs_human_review
XUSHAY	3225	needs_human_review
FALKAAS	3224	needs_human_review
QORISTA	3224	needs_human_review
EEGAAN	3222	needs_human_review
GOOBTAAS	3222	needs_human_review
TALIYAAN	3222	needs_human_review
DHASHEY	3219	needs_human_review
XIDHNAA	3219	needs_human_review
TOBANKA	3218	needs_human_review
AAMINI	3217	needs_human_review
DHACEYSO	3217	needs_human_review
QAABISAY	3216	needs_human_review
LABADAA	3212	needs_human_review
HABEYNTA	3209	needs_human_review
WADANIGA	3206	needs_human_review
CAKIRAN	3203	needs_human_review
YAALLO	3202	needs_human_review
SHALEY	3201	needs_human_review
TAXADAR	3200	needs_human_review
SITA	3199	needs_human_review
ISAGAA	3198	needs_human_review
WADADII	3196	needs_human_review
DHECEEN	3195	needs_human_review
HABAB	3195	needs_human_review
DHAQATO	3193	needs_human_review
AIRLINES	3192	needs_human_review
RAILA	3191	needs_human_review
ARINTANI	3189	needs_human_review
WALAACA	3188	needs_human_review
XARUUNTA	3188	needs_human_review
JABAY	3187	needs_human_review
IMISA	3186	needs_human_review
CUNNADA	3185	needs_human_review
DAGA	3185	needs_human_review
DHALIILO	3185	needs_human_review
RAACAYO	3185	needs_human_review
EEDEYN	3184	needs_human_review
TAGNAY	3184	needs_human_review
DARAYAAN	3183	needs_human_review
LAFTIISA	3183	needs_human_review
SANCHEZ	3182	needs_human_review
YAALAAN	3182	needs_human_review
MAMULKA	3181	needs_human_review
GUBTAY	3178	needs_human_review
ENABLED	3177	needs_human_review
FINAL	3177	needs_human_review
AABIHIIS	3174	needs_human_review
LOOGAGA	3172	needs_human_review
NORWEY	3171	needs_human_review
TURKI	3171	needs_human_review
TRAFFORD	3170	needs_human_review
JIIDATAY	3169	needs_human_review
BUDHCAD	3168	needs_human_review
AWOODAAN	3167	needs_human_review
XAQUUQDA	3164	needs_human_review
WAYDIIN	3162	needs_human_review
DEJIYEY	3160	needs_human_review
KACAYA	3159	needs_human_review
ARAGTAA	3158	needs_human_review
DHISAAN	3157	needs_human_review
AQRISO	3156	needs_human_review
XORIYADA	3152	needs_human_review
MEXICO	3151	needs_human_review
FARXO	3149	needs_human_review
MUSTAF	3149	needs_human_review
AJANDAHA	3147	needs_human_review
JADIID	3147	needs_human_review
KAYDINTA	3147	needs_human_review
JIREENKA	3146	needs_human_review
HAKU	3143	needs_human_review
XORAYNTA	3141	needs_human_review
DEGEN	3139	needs_human_review
WAXAANNA	3138	needs_human_review
TAASO	3136	needs_human_review
YARISOW	3136	needs_human_review
BARATO	3135	needs_human_review
HIV	3135	needs_human_review
NEBIGA	3135	needs_human_review
LAKALA	3133	needs_human_review
ARRINKA	3131	needs_human_review
ASTAAMO	3130	needs_human_review
CUQAASHA	3128	needs_human_review
LAWADA	3125	needs_human_review
SHAQEYSA	3125	needs_human_review
FOODA	3124	needs_human_review
GOOLKII	3120	needs_human_review
DHISIDA	3118	needs_human_review
DHEGAHA	3116	needs_human_review
GUURTIDU	3114	needs_human_review
ARIMOOD	3113	needs_human_review
HEYSATO	3112	needs_human_review
HORDHACA	3109	needs_human_review
HORN	3106	needs_human_review
DADYOWGA	3105	needs_human_review
DOONAAYO	3105	needs_human_review
MANHAJKA	3105	needs_human_review
BARACK	3102	needs_human_review
DHIBCAHA	3102	needs_human_review
ARSENE	3098	needs_human_review
KULANTO	3098	needs_human_review
TOBANKII	3098	needs_human_review
AFAAFKA	3097	needs_human_review
ARAGTIYO	3096	needs_human_review
TAIWAN	3096	needs_human_review
MURTIDA	3095	needs_human_review
RUSSIA	3095	needs_human_review
SARSARE	3094	needs_human_review
ANIGAA	3093	needs_human_review
AYAANAN	3093	needs_human_review
WACAY	3092	needs_human_review
ASMARA	3090	needs_human_review
AHMIYADA	3088	needs_human_review
KAASHAN	3086	needs_human_review
KARTIDA	3086	needs_human_review
LOGGED	3083	needs_human_review
SCHOOL	3083	needs_human_review
DHULALKA	3082	needs_human_review
QOLADA	3082	needs_human_review
AKHRISTE	3081	needs_human_review
LAMU	3080	needs_human_review
ANNAGOO	3079	needs_human_review
HUBINTA	3079	needs_human_review
HANTIDII	3078	needs_human_review
MALAA	3077	needs_human_review
CULAYSKA	3076	needs_human_review
PRESS	3076	needs_human_review
GOOBOOD	3075	needs_human_review
QORAXDA	3075	needs_human_review
OGADENIA	3073	needs_human_review
BARATAY	3070	needs_human_review
TUHMAY	3067	needs_human_review
AKHRIYEY	3065	needs_human_review
BEEGMAY	3065	needs_human_review
POGBA	3065	needs_human_review
QALABKAN	3065	needs_human_review
MUUQAALO	3064	needs_human_review
MAQLEEN	3062	needs_human_review
AIDS	3061	needs_human_review
DHAWAAQA	3061	needs_human_review
DHAXLAY	3061	needs_human_review
GALYO	3060	needs_human_review
GELISO	3057	needs_human_review
YIGA	3057	needs_human_review
SHIICADA	3053	needs_human_review
WEYNTA	3052	needs_human_review
CARRABKA	3051	needs_human_review
CARABTU	3050	needs_human_review
KOOXDAAS	3046	needs_human_review
LUQADA	3045	needs_human_review
DILA	3043	needs_human_review
FAAFINTA	3043	needs_human_review
GERMAIN	3043	needs_human_review
HEYSA	3043	needs_human_review
NIMADA	3043	needs_human_review
AAMADA	3038	needs_human_review
DHIGGA	3038	needs_human_review
INTAAD	3038	needs_human_review
RAYSUL	3038	needs_human_review
SANNADO	3037	needs_human_review
GOBAL	3035	needs_human_review
MEELNA	3034	needs_human_review
MUSCAB	3034	needs_human_review
ARDAYDU	3032	needs_human_review
CLINTON	3031	needs_human_review
KADHACAY	3031	needs_human_review
GAARIGII	3030	needs_human_review
KEEDII	3027	needs_human_review
HOWLIHII	3026	needs_human_review
SEDDAX	3024	needs_human_review
MARAYEY	3022	needs_human_review
HADDIIBA	3021	needs_human_review
KOBACA	3021	needs_human_review
RAMADAN	3021	needs_human_review
AJNABIGA	3020	needs_human_review
HORYIMID	3020	needs_human_review
AFDUUBKA	3019	needs_human_review
LKN	3016	needs_human_review
DIFAACAY	3015	needs_human_review
NOQOTAA	3014	needs_human_review
WAAYAHA	3013	needs_human_review
DHIGAA	3012	needs_human_review
GELYADA	3012	needs_human_review
GOOYO	3012	needs_human_review
NOQONO	3012	needs_human_review
ICJ	3007	needs_human_review
KABA	3007	needs_human_review
ABOKOR	3005	needs_human_review
QAYBIYAY	3005	needs_human_review
SANCA	3005	needs_human_review
SALAADII	3004	needs_human_review
NATION	3002	needs_human_review
XAMSE	3002	needs_human_review
CONTE	3001	needs_human_review
TAGGA	3001	needs_human_review
DAYI	2997	needs_human_review
GUURAY	2997	needs_human_review
BOOQDO	2996	needs_human_review
DEEQDAN	2995	needs_human_review
DAWEEYO	2994	needs_human_review
DHACDADA	2994	needs_human_review
HADLAA	2994	needs_human_review
RECEP	2994	needs_human_review
GUURSADO	2991	needs_human_review
IIBSATO	2989	needs_human_review
LOOGUNA	2989	needs_human_review
SANKA	2989	needs_human_review
ADAM	2988	needs_human_review
GODKA	2988	needs_human_review
LAABTA	2986	needs_human_review
QALINKII	2986	needs_human_review
XIDHKA	2985	needs_human_review
ILMA	2984	needs_human_review
AANKAAS	2983	needs_human_review
GUURSAN	2983	needs_human_review
HELIDDA	2980	needs_human_review
MARKANA	2978	needs_human_review
XOOLIHII	2978	needs_human_review
LAGASOO	2977	needs_human_review
CARTE	2975	needs_human_review
DIFAACO	2973	needs_human_review
SARRE	2973	needs_human_review
DAMBIYO	2972	needs_human_review
DORTMUND	2970	needs_human_review
EVERTON	2970	needs_human_review
MAQAALKA	2967	needs_human_review
BAKAR	2966	needs_human_review
CADAYN	2965	needs_human_review
GELYO	2964	needs_human_review
RUTO	2963	needs_human_review
BUUGAAG	2962	needs_human_review
AFKIISA	2961	needs_human_review
CADAN	2961	needs_human_review
BARRI	2960	needs_human_review
WAXYAR	2960	needs_human_review
QEEXAY	2959	needs_human_review
XAALADDU	2959	needs_human_review
PDF	2958	needs_human_review
QEYBIYAY	2956	needs_human_review
RIDEEN	2953	needs_human_review
SAMEYSAN	2951	needs_human_review
DASTUURI	2950	needs_human_review
YUHUUDDA	2949	needs_human_review
DEGGA	2947	needs_human_review
TARAYA	2947	needs_human_review
QANDALA	2946	needs_human_review
MARK	2945	needs_human_review
LAFTA	2944	needs_human_review
DARTIIS	2940	needs_human_review
XIRIIRTO	2939	needs_human_review
BERITO	2935	needs_human_review
DIRTO	2935	needs_human_review
MUSTAFA	2931	needs_human_review
GAARAYSA	2930	needs_human_review
LUBNAAN	2929	needs_human_review
YARTAHAY	2929	needs_human_review
NASOO	2928	needs_human_review
SHEEGEN	2927	needs_human_review
SIININ	2927	needs_human_review
ZOOBE	2927	needs_human_review
SIISAA	2925	needs_human_review
BIIREEN	2924	needs_human_review
DIISU	2924	needs_human_review
IDIRIS	2921	needs_human_review
ODAYGA	2921	needs_human_review
CAJIIBKA	2920	needs_human_review
AQOONEED	2917	needs_human_review
OGADENYA	2917	needs_human_review
FALKII	2916	needs_human_review
HOP	2913	needs_human_review
MELES	2910	needs_human_review
DALKANA	2909	needs_human_review
CONTENT	2908	needs_human_review
DHIGMA	2908	needs_human_review
QORA	2908	needs_human_review
UGANDHA	2908	needs_human_review
JIITAY	2906	needs_human_review
ROBERT	2906	needs_human_review
DIRAYO	2904	needs_human_review
FIDIYAY	2902	needs_human_review
FASAXAY	2901	needs_human_review
SALIIDA	2901	needs_human_review
DHAWAYD	2899	needs_human_review
SOMALIDU	2899	needs_human_review
INDEX	2898	needs_human_review
KASO	2898	needs_human_review
MARTO	2898	needs_human_review
YAASHA	2897	needs_human_review
HEERKII	2895	needs_human_review
FAHMAY	2894	needs_human_review
BALE	2893	needs_human_review
ANDALUS	2892	needs_human_review
XIRTO	2891	needs_human_review
ABUURTO	2890	needs_human_review
KORAY	2890	needs_human_review
CODAD	2889	needs_human_review
QASAARE	2889	needs_human_review
HAYADAHA	2888	needs_human_review
IIDOOYIN	2886	needs_human_review
MARAYAA	2882	needs_human_review
NELSON	2881	needs_human_review
KHUDBADO	2878	needs_human_review
NOQ	2878	needs_human_review
DHIGISTA	2876	needs_human_review
SHILKA	2876	needs_human_review
YAALLAY	2875	needs_human_review
YIHIN	2875	needs_human_review
DOORKII	2874	needs_human_review
GUDDIGAN	2874	needs_human_review
UNSOM	2873	needs_human_review
DHEXMARA	2872	needs_human_review
BAAQA	2871	needs_human_review
AMASE	2868	needs_human_review
MOWQIFKA	2868	needs_human_review
DHAWEYD	2867	needs_human_review
GHANA	2866	needs_human_review
NOLASHA	2866	needs_human_review
DHIGAYAY	2865	needs_human_review
BRITISH	2864	needs_human_review
MEESHAAS	2864	needs_human_review
WARKAAN	2864	needs_human_review
QALABKII	2863	needs_human_review
XARIGGA	2863	needs_human_review
SKY	2861	needs_human_review
GOBOLKU	2858	needs_human_review
HELIDA	2857	needs_human_review
AAMO	2856	needs_human_review
DHANNA	2855	needs_human_review
DIIDI	2853	needs_human_review
WALBAA	2853	needs_human_review
BARAFKA	2851	needs_human_review
XIRA	2851	needs_human_review
QEYBSIGA	2850	needs_human_review
DADKEEDA	2849	needs_human_review
SUPER	2849	needs_human_review
SARA	2846	needs_human_review
CELIYEEN	2845	needs_human_review
DAJINTA	2845	needs_human_review
HAYADA	2844	needs_human_review
GEESOOD	2841	needs_human_review
DADKAA	2839	needs_human_review
INNAA	2836	needs_human_review
BIYOODKA	2835	needs_human_review
QUDUUSKA	2835	needs_human_review
SONKORTA	2835	needs_human_review
WELIGEED	2835	needs_human_review
YEERTAY	2835	needs_human_review
BAXYO	2834	needs_human_review
HAWSHAN	2834	needs_human_review
WARKAAS	2834	needs_human_review
AANSATAY	2833	needs_human_review
ISBUUC	2833	needs_human_review
DHAWAYN	2831	needs_human_review
BEENISAY	2830	needs_human_review
AAYAHA	2828	needs_human_review
WADARTA	2828	needs_human_review
DHAQMI	2827	needs_human_review
KAARIYE	2827	needs_human_review
NIMANKII	2827	needs_human_review
NIMID	2827	needs_human_review
SAMADA	2827	needs_human_review
XAADIRKA	2827	needs_human_review
BERYAHAN	2825	needs_human_review
WAJEER	2825	needs_human_review
ADDU	2823	needs_human_review
AALADDA	2822	needs_human_review
BUUNDADA	2820	needs_human_review
JANARAAL	2820	needs_human_review
PLAY	2819	needs_human_review
AHINA	2817	needs_human_review
BARATA	2816	needs_human_review
LABAADNA	2816	needs_human_review
LUMAY	2816	needs_human_review
MAAMULKU	2816	needs_human_review
CEELKA	2814	needs_human_review
SHAQAYSA	2814	needs_human_review
BARCA	2810	needs_human_review
QAYBIYO	2807	needs_human_review
QORAAN	2806	needs_human_review
GOBOLKAN	2803	needs_human_review
QIYAASI	2803	needs_human_review
BOORAME	2802	needs_human_review
DHALEEN	2799	needs_human_review
MURUGADA	2796	needs_human_review
HELEYSAA	2794	needs_human_review
HORYAALA	2790	needs_human_review
NABIGU	2790	needs_human_review
XANUUNO	2790	needs_human_review
BANII	2789	needs_human_review
NOOLAHA	2789	needs_human_review
AWGOOD	2788	needs_human_review
FEYSAL	2788	needs_human_review
MUUQDAA	2788	needs_human_review
JEEBKA	2787	needs_human_review
RAGGU	2787	needs_human_review
AFJARAY	2786	needs_human_review
AHAATE	2786	needs_human_review
DHAGAXA	2786	needs_human_review
SHIBIS	2786	needs_human_review
KOLAYGA	2784	needs_human_review
NOOCIISA	2783	needs_human_review
AXDIGA	2782	needs_human_review
MILITARY	2782	needs_human_review
GAADHKA	2780	needs_human_review
ODAWAA	2777	needs_human_review
WALIGEED	2776	needs_human_review
GUDUBTAY	2775	needs_human_review
LOOLAN	2775	needs_human_review
WARKAASI	2775	needs_human_review
AYAYNA	2774	needs_human_review
HOREYSEY	2774	needs_human_review
ODAYGII	2774	needs_human_review
DEKADAHA	2771	needs_human_review
DIBU	2771	needs_human_review
LUUQADDA	2770	needs_human_review
MAWDUUCA	2770	needs_human_review
TEGIN	2770	needs_human_review
DOONAYN	2768	needs_human_review
JOE	2768	needs_human_review
DABAYSHA	2767	needs_human_review
XIKMAD	2766	needs_human_review
CAMP	2765	needs_human_review
SARREYSA	2765	needs_human_review
ARCHIVES	2764	needs_human_review
ARRINKAN	2764	needs_human_review
IIBISO	2762	needs_human_review
DARKA	2761	needs_human_review
DIIMAHA	2761	needs_human_review
ROOBABKA	2760	needs_human_review
CAABIN	2759	needs_human_review
SHIRAY	2759	needs_human_review
VISITS	2758	needs_human_review
JECLAYN	2757	needs_human_review
XUKUMI	2757	needs_human_review
MAJIRTO	2753	needs_human_review
XAGAAGII	2753	needs_human_review
NAYROOBI	2752	needs_human_review
JUBA	2750	needs_human_review
TAYYIP	2750	needs_human_review
YET	2745	needs_human_review
MOOGE	2743	needs_human_review
KHADIIJO	2741	needs_human_review
ALLOW	2740	needs_human_review
CIRO	2740	needs_human_review
ABWAANKA	2739	needs_human_review
TARTAMAY	2739	needs_human_review
BAXAA	2738	needs_human_review
FAHMIN	2737	needs_human_review
SOCIAL	2737	needs_human_review
ZENAWI	2737	needs_human_review
GUDBEEN	2735	needs_human_review
IYAGAA	2733	needs_human_review
MAGAALA	2731	needs_human_review
MUSIC	2731	needs_human_review
DAYAYA	2730	needs_human_review
DOORTEY	2730	needs_human_review
SHABAKAD	2729	needs_human_review
BOGGAGA	2728	needs_human_review
CAPE	2725	needs_human_review
DHAWAADA	2723	needs_human_review
DOOLOW	2723	needs_human_review
QASHIN	2723	needs_human_review
YAABAN	2723	needs_human_review
BUUXIYO	2721	needs_human_review
ERGADII	2721	needs_human_review
FADHIDA	2721	needs_human_review
GUBEEN	2721	needs_human_review
MAQAAMKA	2720	needs_human_review
TOWN	2720	needs_human_review
BEENIYEY	2719	needs_human_review
DIRAYA	2719	needs_human_review
URURKU	2718	needs_human_review
DAATAY	2717	needs_human_review
DEGEEN	2717	needs_human_review
GELINAYO	2716	needs_human_review
FIIRSAN	2714	needs_human_review
AHEED	2712	needs_human_review
DALLADA	2712	needs_human_review
CAGAHA	2709	needs_human_review
WUFUUD	2708	needs_human_review
TFG	2706	needs_human_review
XIREY	2706	needs_human_review
DHALMADA	2705	needs_human_review
QUSEEYA	2705	needs_human_review
JAWAABIN	2704	needs_human_review
QIIMA	2704	needs_human_review
AAWADEED	2697	needs_human_review
SERGIO	2697	needs_human_review
YEEDHO	2695	needs_human_review
SHAKIYAY	2693	needs_human_review
COSTA	2692	needs_human_review
KEENTAA	2692	needs_human_review
SHARIF	2690	needs_human_review
FARIINTA	2689	needs_human_review
AOL	2687	needs_human_review
ETHOPIA	2687	needs_human_review
JIRKAN	2685	needs_human_review
XITTAA	2685	needs_human_review
TOBANAAN	2684	needs_human_review
CIDKASTA	2683	needs_human_review
DAJIYAY	2683	needs_human_review
KASTO	2683	needs_human_review
KASOCDA	2682	needs_human_review
SEEXAN	2682	needs_human_review
DARBIGA	2681	needs_human_review
DHACEYSA	2681	needs_human_review
LACAGTAN	2681	needs_human_review
DHAXEYSO	2679	needs_human_review
WADNO	2679	needs_human_review
XIISA	2677	needs_human_review
WAAJIBKA	2676	needs_human_review
AXADII	2675	needs_human_review
FANAAN	2675	needs_human_review
TUSAY	2675	needs_human_review
BUUXIYEY	2673	needs_human_review
LTD	2673	needs_human_review
TIRIYEY	2673	needs_human_review
IMF	2671	needs_human_review
QAADANO	2671	needs_human_review
KIISKAN	2670	needs_human_review
LAFA	2670	needs_human_review
JAADKA	2669	needs_human_review
NABDOON	2669	needs_human_review
CENTER	2668	needs_human_review
HANAAN	2668	needs_human_review
IIBIYAY	2668	needs_human_review
QOREY	2667	needs_human_review
THOMAS	2667	needs_human_review
LEHNA	2666	needs_human_review
QAYBTAN	2666	needs_human_review
AYAABA	2664	needs_human_review
BEERKA	2663	needs_human_review
LIIDATA	2663	needs_human_review
FARXADA	2662	needs_human_review
ADIGAA	2659	needs_human_review
CUNISTA	2658	needs_human_review
GAYSAN	2655	needs_human_review
KULAYLKA	2655	needs_human_review
KORAYA	2654	needs_human_review
XAMAAS	2653	needs_human_review
QODOBKAN	2652	needs_human_review
HAZARD	2650	needs_human_review
SIINAYAY	2650	needs_human_review
MOHAMUD	2649	needs_human_review
DAMACA	2647	needs_human_review
QULQULKA	2646	needs_human_review
HORKEENO	2645	needs_human_review
COLAADO	2643	needs_human_review
GALAYAY	2643	needs_human_review
GEYSTA	2642	needs_human_review
XARIIRKA	2640	needs_human_review
XAFIISYO	2639	needs_human_review
TIGREEGA	2637	needs_human_review
RAGGAN	2634	needs_human_review
SHUBAY	2634	needs_human_review
WANAGSAN	2634	needs_human_review
CEELWAAQ	2633	needs_human_review
CUNAY	2633	needs_human_review
DHIGNO	2633	needs_human_review
WARAAQO	2632	needs_human_review
MAQALKA	2631	needs_human_review
AHU	2630	needs_human_review
DAYDAY	2630	needs_human_review
DHIGATAY	2629	needs_human_review
KEENAYO	2629	needs_human_review
ADKEEYO	2628	needs_human_review
AKHRIYO	2628	needs_human_review
DAWADA	2627	needs_human_review
KLOPP	2627	needs_human_review
QABYADA	2626	needs_human_review
TAABTAY	2625	needs_human_review
TUSO	2624	needs_human_review
DHALATA	2623	needs_human_review
NINKANI	2623	needs_human_review
SOCOTAAN	2622	needs_human_review
HELEY	2621	needs_human_review
DALKANI	2620	needs_human_review
WEYSAY	2620	needs_human_review
CAYIMAN	2619	needs_human_review
XIDH	2619	needs_human_review
DHAWAAQI	2618	needs_human_review
FOOMKA	2616	needs_human_review
WAYDIIYO	2614	needs_human_review
UAE	2613	needs_human_review
FARXAY	2612	needs_human_review
HANAN	2612	needs_human_review
XULKIISA	2612	needs_human_review
NOLOSHU	2611	needs_human_review
JENERAL	2610	needs_human_review
RASMIYA	2610	needs_human_review
GUURAAN	2609	needs_human_review
CADAW	2608	needs_human_review
DOODEEN	2608	needs_human_review
HADRAAWI	2608	needs_human_review
HORREYSA	2608	needs_human_review
URURKAN	2607	needs_human_review
GUDUBKA	2606	needs_human_review
DHOWRKII	2605	needs_human_review
DOONTID	2605	needs_human_review
OGTIHIIN	2605	needs_human_review
WEEYN	2605	needs_human_review
HABKII	2604	needs_human_review
MEELIHII	2603	needs_human_review
DHAAFNAY	2602	needs_human_review
GADIIDKA	2602	needs_human_review
PEP	2601	needs_human_review
JAWAABTU	2600	needs_human_review
LAKIN	2600	needs_human_review
LAGUUGU	2599	needs_human_review
QAADNO	2599	needs_human_review
GALIYEEN	2597	needs_human_review
GUDBISO	2597	needs_human_review
TAGAYA	2597	needs_human_review
ALLSSC	2596	needs_human_review
HEYSTAA	2595	needs_human_review
EEGA	2594	needs_human_review
OGYIHIIN	2594	needs_human_review
CELCELIS	2593	needs_human_review
ISMACIIL	2593	needs_human_review
SHILINKA	2593	needs_human_review
CAABUQA	2592	needs_human_review
DHACAYAA	2591	needs_human_review
DIEGO	2589	needs_human_review
HORU	2589	needs_human_review
XIDDIGAN	2589	needs_human_review
WALIGOOD	2588	needs_human_review
PLAYER	2587	needs_human_review
GUDAHEED	2586	needs_human_review
WAYDO	2586	needs_human_review
SABABTU	2585	needs_human_review
TIRIYAY	2585	needs_human_review
NIYADDA	2584	needs_human_review
TOWFIIQ	2584	needs_human_review
YAABAHA	2582	needs_human_review
DADKANI	2579	needs_human_review
WADATO	2579	needs_human_review
WADOOYIN	2578	needs_human_review
BAAHIYO	2577	needs_human_review
HADALNO	2577	needs_human_review
AAMIYAY	2575	needs_human_review
HUBKII	2575	needs_human_review
QARIXII	2575	needs_human_review
TURKISH	2575	needs_human_review
ILEEN	2574	needs_human_review
KHEYR	2574	needs_human_review
DAAYAAN	2572	needs_human_review
DHINTA	2572	needs_human_review
HABSATAY	2572	needs_human_review
HAYEENKA	2572	needs_human_review
QABSIGA	2572	needs_human_review
SHIRKANI	2572	needs_human_review
QADARIN	2571	needs_human_review
HAYSATAY	2570	needs_human_review
DABAGAL	2567	needs_human_review
XILKIISA	2567	needs_human_review
ARKAYEY	2565	needs_human_review
SHIRKADU	2564	needs_human_review
HAWSHII	2563	needs_human_review
GARISSA	2561	needs_human_review
HOUSE	2561	needs_human_review
KEENAA	2561	needs_human_review
YACQUUB	2561	needs_human_review
QAABIYAY	2559	needs_human_review
JIRNAA	2557	needs_human_review
QORAAGU	2556	needs_human_review
XIRFADDA	2556	needs_human_review
MASIIRKA	2555	needs_human_review
QAAS	2555	needs_human_review
MALAHAN	2554	needs_human_review
QAADNAY	2554	needs_human_review
BAABBI	2553	needs_human_review
GOOSATAY	2553	needs_human_review
SAARTA	2553	needs_human_review
ADDUUNKU	2552	needs_human_review
GEEDAHA	2552	needs_human_review
JOOGGA	2552	needs_human_review
BARBARO	2550	needs_human_review
YEMAN	2550	needs_human_review
GAYSTAAN	2548	needs_human_review
AMERICAN	2547	needs_human_review
AYUUN	2547	needs_human_review
LAFAHA	2547	needs_human_review
ANIGANA	2546	needs_human_review
FILAYEY	2546	needs_human_review
WAJIHI	2546	needs_human_review
CADDEEYO	2544	needs_human_review
JEELKA	2544	needs_human_review
UMAD	2544	needs_human_review
LIXDII	2543	needs_human_review
XUSNAY	2543	needs_human_review
IIDEYSAN	2542	needs_human_review
ORODKA	2542	needs_human_review
XUBNAHAN	2541	needs_human_review
DHAQAAQI	2539	needs_human_review
EGYAHAY	2539	needs_human_review
CAASHO	2537	needs_human_review
INBADAN	2537	needs_human_review
YAXYE	2537	needs_human_review
BEXEEN	2536	needs_human_review
XASUUSAN	2534	needs_human_review
XOOGAG	2534	needs_human_review
OHIO	2533	needs_human_review
CLIP	2531	needs_human_review
IIDAYSAN	2531	needs_human_review
UUGU	2531	needs_human_review
ARIMAHAN	2530	needs_human_review
KAADHKA	2530	needs_human_review
LAAYEEN	2530	needs_human_review
NAXAY	2530	needs_human_review
EEDEYMO	2529	needs_human_review
FAAFIYAY	2528	needs_human_review
NOOLA	2528	needs_human_review
BAAHNEYN	2527	needs_human_review
CAROODAY	2527	needs_human_review
KIRADA	2527	needs_human_review
RAJEEYAY	2526	needs_human_review
XALLIYO	2526	needs_human_review
HOREYSO	2525	needs_human_review
BUUBAA	2524	needs_human_review
DHACAA	2524	needs_human_review
GAROWGA	2523	needs_human_review
DARTED	2522	needs_human_review
ROONEY	2522	needs_human_review
AFRICOM	2521	needs_human_review
CUTUBYO	2521	needs_human_review
DHERERKA	2521	needs_human_review
WAXAABA	2521	needs_human_review
BAAXADA	2519	needs_human_review
XISBIYO	2518	needs_human_review
UULIYADA	2516	needs_human_review
DEDAALKA	2515	needs_human_review
JABISAY	2515	needs_human_review
TALAALKA	2515	needs_human_review
DOODAAN	2512	needs_human_review
KRATOM	2512	needs_human_review
EEGAYA	2511	needs_human_review
INAGOO	2511	needs_human_review
KAJIRA	2510	needs_human_review
ALEX	2509	needs_human_review
FIDIYO	2509	needs_human_review
URDUN	2506	needs_human_review
WARSHADA	2506	needs_human_review
DHAGA	2503	needs_human_review
GUULDARO	2502	needs_human_review
SIDEY	2501	needs_human_review
BILAWGA	2499	needs_human_review
ROAD	2499	needs_human_review
KUFSADAY	2497	needs_human_review
RABNO	2494	needs_human_review
XAALADU	2494	needs_human_review
CUSLAA	2492	needs_human_review
MUQTAAR	2491	needs_human_review
CAASHA	2490	needs_human_review
KUSIMAHA	2490	needs_human_review
HADDIISE	2489	needs_human_review
JABKA	2489	needs_human_review
BRIDGE	2488	needs_human_review
DAREENTO	2488	needs_human_review
FBI	2488	needs_human_review
CONGO	2487	needs_human_review
WAASE	2487	needs_human_review
BUUGA	2485	needs_human_review
RAACISAY	2485	needs_human_review
CAMUUD	2484	needs_human_review
DHOOBLEY	2484	needs_human_review
GAZA	2484	needs_human_review
IFKA	2484	needs_human_review
CABDALLE	2483	needs_human_review
HAWLIHII	2483	needs_human_review
QIIQA	2483	needs_human_review
BAXAYSO	2482	needs_human_review
DABAQA	2482	needs_human_review
DARIN	2482	needs_human_review
MAADADA	2482	needs_human_review
NALALKA	2482	needs_human_review
DOORATO	2481	needs_human_review
AAMINO	2480	needs_human_review
FURAAN	2478	needs_human_review
MIYAANAY	2474	needs_human_review
GUDDAHA	2471	needs_human_review
DHAXALKA	2470	needs_human_review
DIIDAAN	2470	needs_human_review
DOOLARKA	2470	needs_human_review
NORTH	2470	needs_human_review
JONG	2469	needs_human_review
ADEEGAAN	2468	needs_human_review
JIRKIISA	2465	needs_human_review
DHAXAYSO	2464	needs_human_review
SAID	2462	needs_human_review
SAMAYNAY	2459	needs_human_review
DADAALLO	2458	needs_human_review
ZIMBABWE	2458	needs_human_review
TALIBAN	2457	needs_human_review
WAXAYSE	2455	needs_human_review
WAYNAA	2453	needs_human_review
MADANIGA	2452	needs_human_review
USHEEGAY	2451	needs_human_review
EHELKA	2450	needs_human_review
XEERAR	2449	needs_human_review
ALLAA	2447	needs_human_review
WALOOW	2447	needs_human_review
QALMA	2446	needs_human_review
SAXEEXAY	2445	needs_human_review
DHAGAHA	2444	needs_human_review
UGAMA	2443	needs_human_review
BOKO	2439	needs_human_review
QAARKA	2439	needs_human_review
DIINTU	2437	needs_human_review
QADIYADA	2436	needs_human_review
AANADA	2435	needs_human_review
DAAWADO	2435	needs_human_review
DIBEDA	2435	needs_human_review
KILILKA	2435	needs_human_review
SUNDAY	2435	needs_human_review
AIR	2434	needs_human_review
JOOGEY	2434	needs_human_review
QAYBIYEY	2434	needs_human_review
WAANNU	2432	needs_human_review
DOOXA	2429	needs_human_review
FAAFA	2429	needs_human_review
ISKANA	2429	needs_human_review
PARK	2427	needs_human_review
JIHADA	2426	needs_human_review
AAGA	2425	needs_human_review
CAYNTE	2425	needs_human_review
MUJ	2425	needs_human_review
LUGHAYA	2424	needs_human_review
CULUUMTA	2422	needs_human_review
TALIYEY	2422	needs_human_review
SHARCIYO	2420	needs_human_review
CIIDMADA	2419	needs_human_review
DHABI	2419	needs_human_review
HAAMAHA	2419	needs_human_review
DAYIN	2417	needs_human_review
CODEEYAY	2414	needs_human_review
MAXMED	2414	needs_human_review
SHUKRI	2414	needs_human_review
LAW	2413	needs_human_review
DILKIISA	2412	needs_human_review
MIDI	2412	needs_human_review
SUCUUDI	2412	needs_human_review
BARYEY	2411	needs_human_review
AYNAN	2407	needs_human_review
HUBISO	2406	needs_human_review
NOU	2405	needs_human_review
DHULKAAS	2403	needs_human_review
FURSADDA	2402	needs_human_review
MARIA	2401	needs_human_review
DHAQMAY	2399	needs_human_review
USER	2399	needs_human_review
GAADHA	2397	needs_human_review
XIDHEEN	2397	needs_human_review
YAREYN	2397	needs_human_review
GOGOSHA	2396	needs_human_review
LABADDA	2396	needs_human_review
DIINSOOR	2394	needs_human_review
SIDATAN	2393	needs_human_review
HABLOOD	2392	needs_human_review
HALEELAY	2392	needs_human_review
XAAKIMKA	2391	needs_human_review
ARINKAAS	2390	needs_human_review
KAHADLAY	2389	needs_human_review
XOOLA	2389	needs_human_review
KISMAYO	2388	needs_human_review
GALISO	2387	needs_human_review
SUNA	2387	needs_human_review
PLEASE	2385	needs_human_review
SWAN	2385	needs_human_review
DALBAN	2382	needs_human_review
MADAW	2382	needs_human_review
XILLIGAA	2381	needs_human_review
BIIMAAL	2379	needs_human_review
SAFARADA	2379	needs_human_review
HAARUUN	2378	needs_human_review
MASRAXA	2378	needs_human_review
HAGO	2377	needs_human_review
SHE	2377	needs_human_review
SHAAKIR	2376	needs_human_review
TAAGI	2376	needs_human_review
FARMAJO	2373	needs_human_review
PETER	2373	needs_human_review
KAZOO	2372	needs_human_review
AFGARTAY	2371	needs_human_review
ASIA	2370	needs_human_review
FRIEND	2370	needs_human_review
DUULAYA	2369	needs_human_review
DHAQSAHA	2367	needs_human_review
GAAREYSO	2364	needs_human_review
MUSEVENI	2364	needs_human_review
GOBOLO	2361	needs_human_review
QOFKAAS	2359	needs_human_review
SEND	2359	needs_human_review
DALXA	2358	needs_human_review
DHIGTAA	2357	needs_human_review
DIBADAHA	2356	needs_human_review
DARAA	2355	needs_human_review
DUUSHAY	2355	needs_human_review
MIYAAN	2355	needs_human_review
ARDEY	2354	needs_human_review
DHOOLA	2353	needs_human_review
DHUFTEEN	2352	needs_human_review
QIYAASO	2350	needs_human_review
GAAJADA	2348	needs_human_review
SUGGIDA	2348	needs_human_review
CODEYNTA	2345	needs_human_review
DHISTAAN	2345	needs_human_review
BAXAYAA	2344	needs_human_review
GABAYGA	2344	needs_human_review
AYAANNU	2343	needs_human_review
BILAABIN	2343	needs_human_review
BUUXAAN	2343	needs_human_review
DARTII	2343	needs_human_review
BADIYEEN	2342	needs_human_review
CULUSOW	2342	needs_human_review
MUBAARAK	2342	needs_human_review
SLT	2342	needs_human_review
ISAGII	2341	needs_human_review
NAFEED	2341	needs_human_review
LEEG	2340	needs_human_review
MAXAASE	2340	needs_human_review
KAXDA	2339	needs_human_review
QABSI	2339	needs_human_review
DAAYA	2338	needs_human_review
QUNSULKA	2338	needs_human_review
FILAYN	2337	needs_human_review
ISBUUCII	2337	needs_human_review
XADO	2336	needs_human_review
MAAYAR	2335	needs_human_review
ADDRESS	2333	needs_human_review
INAANAN	2332	needs_human_review
AMIN	2331	needs_human_review
OGOLAYN	2331	needs_human_review
WAYNAHA	2331	needs_human_review
DAYAXA	2330	needs_human_review
KUJIRA	2330	needs_human_review
ARABIA	2329	needs_human_review
QEEXAYA	2328	needs_human_review
SOCONAYO	2326	needs_human_review
GABOOBAY	2325	needs_human_review
SHIINE	2325	needs_human_review
DOWNLOAD	2323	needs_human_review
GOBOLLKA	2323	needs_human_review
MAARMI	2323	needs_human_review
CUDURO	2322	needs_human_review
MAREYSO	2322	needs_human_review
NOT	2322	needs_human_review
INALA	2321	needs_human_review
DURBABA	2320	needs_human_review
NAFAQADA	2320	needs_human_review
HALKEE	2319	needs_human_review
WADDAMO	2319	needs_human_review
BUKHAARI	2318	needs_human_review
HAREEYAY	2318	needs_human_review
AANTU	2315	needs_human_review
DANEEYA	2314	needs_human_review
AYAAMAHA	2313	needs_human_review
JOOGTAA	2312	needs_human_review
XIRFADO	2312	needs_human_review
WESTGATE	2311	needs_human_review
GUUSHU	2310	needs_human_review
GAYSATAY	2309	needs_human_review
MAAMUSHA	2309	needs_human_review
TAALAA	2309	needs_human_review
DAAWADAY	2308	needs_human_review
ISKUMA	2308	needs_human_review
KULIYADA	2308	needs_human_review
TUKADAY	2308	needs_human_review
HORUDHAC	2307	needs_human_review
TAANA	2307	needs_human_review
GALAA	2306	needs_human_review
SAMATA	2306	needs_human_review
CAGO	2305	needs_human_review
ISKAA	2305	needs_human_review
RARAY	2305	needs_human_review
FAHANKA	2304	needs_human_review
KASTAABA	2304	needs_human_review
HURAY	2303	needs_human_review
AGO	2302	needs_human_review
AABAHEED	2301	needs_human_review
CUKUSE	2301	needs_human_review
DAMBIGA	2297	needs_human_review
NOQOTA	2296	needs_human_review
BOOQDAAN	2295	needs_human_review
XEERKII	2292	needs_human_review
HEERAR	2291	needs_human_review
MALI	2291	needs_human_review
BADNA	2290	needs_human_review
BARA	2290	needs_human_review
DABOOLI	2289	needs_human_review
SAARNO	2289	needs_human_review
WADANKAN	2289	needs_human_review
YARO	2288	needs_human_review
CIDLA	2287	needs_human_review
KIINYA	2287	needs_human_review
DHEGO	2286	needs_human_review
TAABTO	2286	needs_human_review
TAHAYNA	2283	needs_human_review
TOOSA	2283	needs_human_review
AUN	2282	needs_human_review
DHACEY	2282	needs_human_review
GALNO	2282	needs_human_review
FURAYO	2281	needs_human_review
GEORGE	2281	needs_human_review
SOCONO	2281	needs_human_review
CAREYSAN	2280	needs_human_review
KERRY	2280	needs_human_review
WELIGOOD	2279	needs_human_review
WEYDO	2279	needs_human_review
XUMIDA	2279	needs_human_review
CADEEYO	2278	needs_human_review
LEAVE	2278	needs_human_review
QOFKAASI	2278	needs_human_review
IDINKUGU	2276	needs_human_review
SUGAYEY	2274	needs_human_review
FURSADA	2273	needs_human_review
XAWAADLE	2273	needs_human_review
XDS	2271	needs_human_review
CAANOOD	2270	needs_human_review
IYAGOON	2268	needs_human_review
NOLOSHII	2268	needs_human_review
XARUNTAN	2268	needs_human_review
HAKIYAY	2266	needs_human_review
HORTOODA	2266	needs_human_review
FORUM	2265	needs_human_review
AGTIISA	2264	needs_human_review
HORTAGAY	2264	needs_human_review
NOW	2263	needs_human_review
HUTEELKA	2262	needs_human_review
QABANAY	2262	needs_human_review
DOOXADA	2261	needs_human_review
IMAGE	2260	needs_human_review
MONACO	2260	needs_human_review
WILL	2260	needs_human_review
EBOLA	2259	needs_human_review
HAATANA	2259	needs_human_review
DAGAAN	2255	needs_human_review
IDLAADAY	2255	needs_human_review
HIRGALAY	2254	needs_human_review
FIDINTA	2253	needs_human_review
OGAADA	2252	needs_human_review
BADASHAY	2251	needs_human_review
IMAANAYO	2251	needs_human_review
FOGAYN	2249	needs_human_review
LAYSKA	2249	needs_human_review
MUCAARID	2248	needs_human_review
GARANEYN	2246	needs_human_review
MADAMA	2246	needs_human_review
WADAAGGA	2246	needs_human_review
AASHU	2245	needs_human_review
BIRAHA	2245	needs_human_review
TIRINTA	2245	needs_human_review
ISULA	2244	needs_human_review
BEING	2242	needs_human_review
FULINAYO	2242	needs_human_review
MUUDEY	2242	needs_human_review
DIWAAN	2240	needs_human_review
WALIGAA	2240	needs_human_review
OOGU	2239	needs_human_review
DIINEED	2236	needs_human_review
HALKANI	2236	needs_human_review
CLICK	2235	needs_human_review
QORAYO	2235	needs_human_review
TIRADII	2235	needs_human_review
FLASH	2234	needs_human_review
ADKEYNTA	2233	needs_human_review
ISMAIL	2233	needs_human_review
CODKIISA	2230	needs_human_review
ELMAN	2230	needs_human_review
DHIIBEEN	2229	needs_human_review
SHAQADU	2229	needs_human_review
IILA	2227	needs_human_review
MOHAMMED	2227	needs_human_review
ARAGGA	2226	needs_human_review
DANBAYSA	2226	needs_human_review
KUSO	2226	needs_human_review
OGADEN	2226	needs_human_review
SIERRA	2226	needs_human_review
INJINEER	2225	needs_human_review
FIIQAY	2224	needs_human_review
KKK	2224	needs_human_review
BLANCOS	2222	needs_human_review
DHAWAQA	2222	needs_human_review
JANAALE	2222	needs_human_review
LEONE	2222	needs_human_review
XAWLI	2222	needs_human_review
AMMAANKU	2221	needs_human_review
BEDESHAY	2221	needs_human_review
DAMBEEYO	2220	needs_human_review
MICNAHA	2220	needs_human_review
YEESHA	2219	needs_human_review
AKHRINTA	2218	needs_human_review
DAWLADO	2218	needs_human_review
RIDADA	2218	needs_human_review
DOONEYN	2217	needs_human_review
FAYRASKA	2217	needs_human_review
MIRA	2217	needs_human_review
MIYUU	2217	needs_human_review
ADKAYNTA	2215	needs_human_review
AWALBA	2215	needs_human_review
DHIGEYSA	2215	needs_human_review
MARIYEEN	2215	needs_human_review
SABABEEN	2215	needs_human_review
FARIIMO	2214	needs_human_review
INTAADAN	2214	needs_human_review
RUUXII	2214	needs_human_review
YIMAADDA	2213	needs_human_review
CEL	2211	needs_human_review
LAGAAGA	2210	needs_human_review
NAASKA	2210	needs_human_review
AHAYEEN	2209	needs_human_review
BOOQDEEN	2208	needs_human_review
JUXA	2207	needs_human_review
CUMAAN	2206	needs_human_review
OGAATAA	2204	needs_human_review
DHOWAA	2202	needs_human_review
HAGUE	2200	needs_human_review
KULANAY	2200	needs_human_review
QALIIN	2200	needs_human_review
IIBIYAAN	2199	needs_human_review
AQAAN	2198	needs_human_review
MADAXDU	2198	needs_human_review
TUBTA	2198	needs_human_review
XIDHI	2198	needs_human_review
LATEST	2196	needs_human_review
DOLLARKA	2195	needs_human_review
MAHA	2195	needs_human_review
SBC	2194	needs_human_review
CENTRAL	2193	needs_human_review
SHABEELE	2193	needs_human_review
DILKAN	2192	needs_human_review
SERIE	2189	needs_human_review
IYADO	2188	needs_human_review
TAHEY	2188	needs_human_review
HINDI	2187	needs_human_review
HAWLGALO	2186	needs_human_review
ISBAARO	2186	needs_human_review
DOODAHA	2185	needs_human_review
FULIYA	2185	needs_human_review
MIDHAHA	2185	needs_human_review
QABANAYA	2185	needs_human_review
BASKA	2183	needs_human_review
BLOG	2183	needs_human_review
SUGAHA	2183	needs_human_review
SIINO	2181	needs_human_review
DUMAY	2177	needs_human_review
MAXAAS	2177	needs_human_review
SIDE	2177	needs_human_review
GEBA	2176	needs_human_review
MABAADI	2176	needs_human_review
MAQASHAY	2176	needs_human_review
COLOMBIA	2175	needs_human_review
WEL	2175	needs_human_review
JARAAID	2174	needs_human_review
ROBLE	2173	needs_human_review
AMAAHDA	2172	needs_human_review
FILAAYO	2172	needs_human_review
KUWAASO	2172	needs_human_review
WATAA	2171	needs_human_review
AANKAASI	2170	needs_human_review
BEEGNAYD	2170	needs_human_review
TALINTA	2170	needs_human_review
FIRST	2169	needs_human_review
SOMTEL	2169	needs_human_review
SHILALKA	2168	needs_human_review
SOCOTEY	2168	needs_human_review
MUDDA	2167	needs_human_review
AQBALEEN	2166	needs_human_review
DIISA	2166	needs_human_review
GOBOLLO	2166	needs_human_review
XIDIGAAN	2164	needs_human_review
DIGREETO	2163	needs_human_review
MAAH	2163	needs_human_review
WAAYI	2163	needs_human_review
KUWASOO	2162	needs_human_review
TAYEYNTA	2162	needs_human_review
HELAAYO	2161	needs_human_review
IIBIYA	2161	needs_human_review
NAPOLI	2161	needs_human_review
HADLAYSA	2160	needs_human_review
IMIKANA	2159	needs_human_review
JAREEN	2159	needs_human_review
SAACADDA	2159	needs_human_review
COOKIES	2158	needs_human_review
QARXIYEY	2158	needs_human_review
DILKAASI	2156	needs_human_review
EMIRATES	2156	needs_human_review
HADHIN	2155	needs_human_review
DHAHAR	2154	needs_human_review
DHAQTAR	2154	needs_human_review
GEEYEEN	2153	needs_human_review
ARAGTAAN	2152	needs_human_review
JORDAN	2152	needs_human_review
ADOBE	2151	needs_human_review
SAMEYNAY	2150	needs_human_review
WAJAHAYA	2150	needs_human_review
SAMEYNO	2149	needs_human_review
IIBSATAY	2148	needs_human_review
KALIFTAY	2148	needs_human_review
DHIGATO	2147	needs_human_review
SAUDI	2147	needs_human_review
CAAMIR	2146	needs_human_review
CLUB	2146	needs_human_review
YAABA	2146	needs_human_review
UDIIN	2145	needs_human_review
DHIGATA	2141	needs_human_review
DHEGA	2140	needs_human_review
BALAD	2139	needs_human_review
UKALA	2137	needs_human_review
ARKAYO	2135	needs_human_review
BOORIYEY	2135	needs_human_review
TALISKII	2133	needs_human_review
RAMOS	2132	needs_human_review
SIILANYO	2128	needs_human_review
DHAWRKA	2127	needs_human_review
FAAFIYEY	2127	needs_human_review
GEEYAAN	2126	needs_human_review
SABOOLKA	2126	needs_human_review
DARTO	2124	needs_human_review
JIRDE	2124	needs_human_review
STAMFORD	2123	needs_human_review
HORAYSA	2120	needs_human_review
QARASHKA	2120	needs_human_review
QIYAASAA	2119	needs_human_review
DARAAN	2116	needs_human_review
FUREY	2116	needs_human_review
WAALIDKU	2116	needs_human_review
HOOSEEYO	2115	needs_human_review
MUUJINTA	2115	needs_human_review
NOOLAATO	2114	needs_human_review
SHAKIGA	2114	needs_human_review
INTAN	2113	needs_human_review
DRS	2112	needs_human_review
GELINAYA	2112	needs_human_review
QORIN	2112	needs_human_review
REEBTAY	2112	needs_human_review
JEEDDA	2111	needs_human_review
MAP	2111	needs_human_review
SOMALIGA	2111	needs_human_review
AADANAA	2110	needs_human_review
LAFTEEDA	2110	needs_human_review
ASIGOO	2109	needs_human_review
DHAMAATO	2108	needs_human_review
YAALLAAN	2107	needs_human_review
YAQAANA	2107	needs_human_review
BOGGAAGA	2105	needs_human_review
QEYLO	2105	needs_human_review
QORTO	2105	needs_human_review
DILIN	2104	needs_human_review
SAACADA	2104	needs_human_review
REPUBLIC	2103	needs_human_review
DHAAFEY	2102	needs_human_review
MIDABADA	2102	needs_human_review
WAREEGII	2102	needs_human_review
HELAYSAA	2101	needs_human_review
KORORSI	2101	needs_human_review
LAYAABKA	2101	needs_human_review
MARWA	2101	needs_human_review
DESALEGN	2100	needs_human_review
URURIYO	2099	needs_human_review
WASAKHDA	2099	needs_human_review
DAMBENA	2098	needs_human_review
LAYDHKA	2098	needs_human_review
JIRKOODA	2097	needs_human_review
GAADHEY	2094	needs_human_review
WADANKU	2094	needs_human_review
COAST	2093	needs_human_review
RAJADII	2093	needs_human_review
BAADHO	2091	needs_human_review
SHIRKAA	2091	needs_human_review
BUUQA	2090	needs_human_review
ISAGOON	2090	needs_human_review
MAGACII	2089	needs_human_review
PEACE	2089	needs_human_review
CHILE	2088	needs_human_review
SAMSUNG	2086	needs_human_review
MATALI	2085	needs_human_review
BIXIYAHA	2083	needs_human_review
DHACAYEY	2083	needs_human_review
WAAGA	2082	needs_human_review
ALEXIS	2080	needs_human_review
BEERAY	2080	needs_human_review
JEEDEEN	2080	needs_human_review
LAAYO	2080	needs_human_review
SAFARO	2080	needs_human_review
XUQUUQAL	2080	needs_human_review
MAREY	2079	needs_human_review
XAADIRAY	2079	needs_human_review
JOOGNAA	2078	needs_human_review
DHEGTA	2077	needs_human_review
MARIO	2076	needs_human_review
OLOLIHII	2076	needs_human_review
DHIIBAAN	2074	needs_human_review
DILAACAY	2074	needs_human_review
IRELAND	2073	needs_human_review
MIDEEYO	2072	needs_human_review
NACAYBKA	2072	needs_human_review
DAMCAY	2069	needs_human_review
IBN	2069	needs_human_review
AWGEEDNA	2068	needs_human_review
CUTUBKA	2068	needs_human_review
DHAARTAY	2068	needs_human_review
SAARAHA	2067	needs_human_review
HADH	2065	needs_human_review
KING	2065	needs_human_review
WALXO	2065	needs_human_review
BAYLE	2064	needs_human_review
YAHEY	2064	needs_human_review
MUDA	2063	needs_human_review
QUDBAD	2063	needs_human_review
SEMI	2062	needs_human_review
AFJARI	2060	needs_human_review
GENEVA	2057	needs_human_review
LUQADAHA	2057	needs_human_review
RIDDAY	2057	needs_human_review
KASTAMKA	2056	needs_human_review
NASIIBKA	2055	needs_human_review
CULIMADU	2054	needs_human_review
IYAGII	2054	needs_human_review
MUGDIGA	2054	needs_human_review
ADIGUNA	2053	needs_human_review
IMANAYSA	2053	needs_human_review
WEB	2053	needs_human_review
MAAREEYO	2052	needs_human_review
MUHIIMA	2052	needs_human_review
OROMO	2052	needs_human_review
AADEEN	2050	needs_human_review
AFAFKA	2050	needs_human_review
BUUXINTA	2050	needs_human_review
SENEGAL	2050	needs_human_review
XAABSADE	2050	needs_human_review
AFKOODA	2049	needs_human_review
GAYSTO	2049	needs_human_review
MIDOOBE	2049	needs_human_review
YARAYD	2049	needs_human_review
DHAWEEYO	2048	needs_human_review
ANAGUNA	2047	needs_human_review
DIIDAYA	2047	needs_human_review
AFDUUBAY	2046	needs_human_review
QORSHO	2046	needs_human_review
ARTICLES	2045	needs_human_review
QARIYAY	2045	needs_human_review
REDS	2045	needs_human_review
SAMAYNO	2045	needs_human_review
SUMCADDA	2045	needs_human_review
BOOBAY	2044	needs_human_review
AQOONIN	2043	needs_human_review
PEOPLE	2043	needs_human_review
SAREEYAY	2043	needs_human_review
SHARAXAN	2043	needs_human_review
SIWAYN	2042	needs_human_review
WALIBANA	2041	needs_human_review
HOYATAY	2040	needs_human_review
CONGRESS	2039	needs_human_review
KHADRA	2037	needs_human_review
LIIDATO	2037	needs_human_review
NIIKO	2037	needs_human_review
WARIYAY	2037	needs_human_review
DUSHIISA	2036	needs_human_review
HABRAACA	2034	needs_human_review
JARTAY	2033	needs_human_review
CIYAARTU	2032	needs_human_review
ISLAM	2032	needs_human_review
NAFSIGA	2032	needs_human_review
SHIINUHU	2032	needs_human_review
XULAFADA	2032	needs_human_review
ZONE	2032	needs_human_review
KUTAALA	2030	needs_human_review
TAAGA	2030	needs_human_review
JEESTAY	2029	needs_human_review
SAREEYE	2029	needs_human_review
DAGEEN	2028	needs_human_review
BORUSSIA	2026	needs_human_review
NIYADA	2025	needs_human_review
TALADII	2025	needs_human_review
NUSOJ	2023	needs_human_review
ARDADA	2022	needs_human_review
RUUSH	2022	needs_human_review
XERSI	2022	needs_human_review
XADDIGA	2021	needs_human_review
BADALKA	2020	needs_human_review
EPRDF	2020	needs_human_review
XILIGAA	2020	needs_human_review
JEESTO	2019	needs_human_review
SANADDII	2019	needs_human_review
WEFDIGA	2019	needs_human_review
GOORMA	2018	needs_human_review
FAYLASHA	2017	needs_human_review
MATALA	2017	needs_human_review
ICC	2016	needs_human_review
BUUGGAN	2015	needs_human_review
TALISO	2014	needs_human_review
ABII	2013	needs_human_review
KAMANA	2013	needs_human_review
MAAKHIR	2013	needs_human_review
MAQLAAN	2013	needs_human_review
GUURO	2012	needs_human_review
KORONA	2011	needs_human_review
DEGTA	2010	needs_human_review
MIDIGTA	2010	needs_human_review
SECURITY	2010	needs_human_review
CARTA	2009	needs_human_review
AQRI	2008	needs_human_review
BROWSER	2008	needs_human_review
MARIYAAN	2008	needs_human_review
YEELANAY	2007	needs_human_review
QAADIDDA	2004	needs_human_review
AYAGU	2003	needs_human_review
XIRAAN	2001	needs_human_review
MAANSADA	2000	needs_human_review
QEYBOOD	1999	needs_human_review
DAAWEEYO	1998	needs_human_review
MAA	1998	needs_human_review
BADNEYN	1997	needs_human_review
GOOSHA	1997	needs_human_review
QOONDADA	1995	needs_human_review
SEDDEXDA	1994	needs_human_review
BADIYO	1993	needs_human_review
DHULKU	1993	needs_human_review
DHIMISTA	1992	needs_human_review
SOCODKII	1992	needs_human_review
QARAARKA	1991	needs_human_review
FARTAAG	1990	needs_human_review
IIMA	1990	needs_human_review
NGO	1990	needs_human_review
SERVER	1990	needs_human_review
AQBASHAY	1989	needs_human_review
BAYNU	1989	needs_human_review
DALLADDA	1989	needs_human_review
KHASAARA	1989	needs_human_review
HAYADDA	1987	needs_human_review
WARSOOR	1986	needs_human_review
ADEEGI	1985	needs_human_review
DHIGAYE	1985	needs_human_review
GAYIGA	1985	needs_human_review
QOFBA	1984	needs_human_review
YUHUUDA	1983	needs_human_review
BADHANKA	1982	needs_human_review
DIBADBA	1982	needs_human_review
HILLARY	1982	needs_human_review
DARAYAA	1980	needs_human_review
KOOXAHAN	1980	needs_human_review
NAAGAHA	1980	needs_human_review
SARIFKA	1980	needs_human_review
QARAXDAY	1979	needs_human_review
SNTV	1979	needs_human_review
GELAYA	1978	needs_human_review
TIRADE	1978	needs_human_review
XASUUSTA	1978	needs_human_review
AAMUSAY	1977	needs_human_review
EYL	1977	needs_human_review
KAPOOR	1977	needs_human_review
QODOBBO	1977	needs_human_review
BLACK	1976	needs_human_review
MALABKA	1976	needs_human_review
URURIYEY	1976	needs_human_review
DAREEMIN	1975	needs_human_review
SAADKA	1975	needs_human_review
WAKIILLO	1973	needs_human_review
DHUXULOW	1972	needs_human_review
GOS	1971	needs_human_review
RAKIBAY	1971	needs_human_review
TIRAY	1971	needs_human_review
SIRDOON	1970	needs_human_review
GURACAN	1969	needs_human_review
WAQTIGU	1966	needs_human_review
GUINEA	1965	needs_human_review
KUDHUFO	1964	needs_human_review
MAALKA	1964	needs_human_review
SIFIICAN	1964	needs_human_review
DUUNYADA	1963	needs_human_review
POLAND	1963	needs_human_review
BACAHA	1962	needs_human_review
ISTAAGA	1962	needs_human_review
PALACE	1961	needs_human_review
DHAAFAYA	1960	needs_human_review
JIIDAY	1960	needs_human_review
NUUNOW	1960	needs_human_review
ASAASAY	1959	needs_human_review
QARANKAN	1958	needs_human_review
YIMAADDO	1958	needs_human_review
MUUJISO	1957	needs_human_review
QAARKII	1957	needs_human_review
EAST	1956	needs_human_review
IMA	1956	needs_human_review
BASASKA	1955	needs_human_review
CROATIA	1955	needs_human_review
OPINION	1955	needs_human_review
SPAMBOTS	1954	needs_human_review
KAALMAHA	1953	needs_human_review
EEDEEYO	1952	needs_human_review
BAHAN	1951	needs_human_review
FEYRUSKA	1951	needs_human_review
CABIRKA	1950	needs_human_review
BEIJING	1949	needs_human_review
OGAANO	1949	needs_human_review
CIYAARTO	1948	needs_human_review
IDLAATAY	1948	needs_human_review
ARAB	1947	needs_human_review
ATMIS	1947	needs_human_review
DALKAAGA	1947	needs_human_review
MUXAMMAD	1947	needs_human_review
LAFOOLE	1946	needs_human_review
DEJISO	1945	needs_human_review
FOWDO	1945	needs_human_review
SOLJA	1944	needs_human_review
CAMERON	1943	needs_human_review
GALLO	1942	needs_human_review
OGOOW	1942	needs_human_review
ABDIWELI	1940	needs_human_review
IMAADO	1938	needs_human_review
KACDO	1938	needs_human_review
KEENAYSA	1938	needs_human_review
DILAAGA	1936	needs_human_review
XALEY	1936	needs_human_review
JOSEPH	1935	needs_human_review
MAANSOOR	1934	needs_human_review
LLAHI	1933	needs_human_review
QALAFSAN	1933	needs_human_review
DHALIYA	1932	needs_human_review
JOHNSON	1932	needs_human_review
KELIGII	1932	needs_human_review
RISAALA	1932	needs_human_review
GUDIYADA	1930	needs_human_review
WAAJID	1929	needs_human_review
OZIL	1927	needs_human_review
BAXDEY	1926	needs_human_review
CIA	1926	needs_human_review
AANUU	1924	needs_human_review
CADAATAY	1924	needs_human_review
RIYADA	1924	needs_human_review
SARRI	1924	needs_human_review
SAHAYDA	1923	needs_human_review
TIME	1923	needs_human_review
DHISNAA	1922	needs_human_review
KHUSAYSO	1922	needs_human_review
AYEYNU	1920	needs_human_review
BILLION	1919	needs_human_review
SHAAM	1919	needs_human_review
DEVILS	1918	needs_human_review
WHATSAPP	1918	needs_human_review
GABADII	1917	needs_human_review
MUGGA	1917	needs_human_review
ARINKA	1916	needs_human_review
DANTOODA	1916	needs_human_review
KABUL	1916	needs_human_review
SAAXADA	1916	needs_human_review
ALSHAHID	1915	needs_human_review
ADUUNKU	1914	needs_human_review
FIDIYEY	1914	needs_human_review
SAADAQ	1914	needs_human_review
BOODHKA	1913	needs_human_review
QAREENKA	1913	needs_human_review
AMNIGU	1912	needs_human_review
YAHUUDDA	1912	needs_human_review
FURTEEN	1911	needs_human_review
BALLON	1910	needs_human_review
NEEFTA	1910	needs_human_review
WAAXYAHA	1909	needs_human_review
AMNESTY	1908	needs_human_review
HORTEEDA	1908	needs_human_review
TAALAY	1907	needs_human_review
AWOODII	1906	needs_human_review
BOQORADA	1906	needs_human_review
HMN	1906	needs_human_review
HOOYADAY	1906	needs_human_review
IVORY	1906	needs_human_review
WAAYIHII	1906	needs_human_review
KOOBO	1904	needs_human_review
JIDKII	1903	needs_human_review
MORGAN	1902	needs_human_review
KORORKA	1901	needs_human_review
NAASAHA	1901	needs_human_review
BURTE	1900	needs_human_review
QATARTA	1899	needs_human_review
XUSAYAY	1899	needs_human_review
JARMAL	1898	needs_human_review
TAAGNAYD	1898	needs_human_review
UGUMA	1898	needs_human_review
AYAANAY	1897	needs_human_review
KORNEYL	1895	needs_human_review
QAADE	1895	needs_human_review
BIXISA	1894	needs_human_review
DARTOOD	1893	needs_human_review
HALAYN	1893	needs_human_review
QAASATAN	1893	needs_human_review
QARANIMO	1892	needs_human_review
YEESHE	1892	needs_human_review
BIBLE	1891	needs_human_review
EXPRESS	1891	needs_human_review
MIDOWGII	1891	needs_human_review
QABNAA	1891	needs_human_review
SAFRAAN	1891	needs_human_review
WEYDIISO	1891	needs_human_review
HIMILADA	1890	needs_human_review
LAKABKA	1890	needs_human_review
MAAHEE	1890	needs_human_review
MASTER	1890	needs_human_review
MEESHAN	1890	needs_human_review
BENZEMA	1889	needs_human_review
TUHMAYO	1889	needs_human_review
XIRTAAN	1888	needs_human_review
AQRISAY	1887	needs_human_review
QAYBDIID	1886	needs_human_review
TASHADO	1885	needs_human_review
ADIHII	1884	needs_human_review
SHICIBKA	1884	needs_human_review
HELAYSO	1883	needs_human_review
CABLE	1882	needs_human_review
NIHIN	1882	needs_human_review
ARINTU	1881	needs_human_review
EKAA	1880	needs_human_review
FOLLOW	1880	needs_human_review
ISLOW	1880	needs_human_review
HALKU	1879	needs_human_review
TAGAA	1879	needs_human_review
HORRE	1878	needs_human_review
KARAASH	1878	needs_human_review
MAALBA	1878	needs_human_review
AMAL	1877	needs_human_review
DULUCDA	1877	needs_human_review
XADIIS	1877	needs_human_review
DAADIYO	1876	needs_human_review
GUGA	1876	needs_human_review
DHAANTA	1875	needs_human_review
MOODDAA	1875	needs_human_review
ADIGOON	1872	needs_human_review
ANFIELD	1871	needs_human_review
CHIEF	1871	needs_human_review
GOOYAY	1871	needs_human_review
LINE	1871	needs_human_review
BAANA	1870	needs_human_review
NAFTAYDA	1870	needs_human_review
DHAQANTO	1869	needs_human_review
GADISAN	1869	needs_human_review
XORIYAD	1867	needs_human_review
FARXIYA	1866	needs_human_review
FASHILKA	1866	needs_human_review
HADALAY	1865	needs_human_review
KALIFAY	1865	needs_human_review
KOOBKAN	1865	needs_human_review
MAQLAYAY	1865	needs_human_review
INKA	1864	needs_human_review
NUMBER	1863	needs_human_review
WADANKII	1863	needs_human_review
LAYSUGU	1861	needs_human_review
RABEEN	1860	needs_human_review
DOONEYNO	1859	needs_human_review
KUWAAN	1859	needs_human_review
DARA	1856	needs_human_review
JIKADA	1855	needs_human_review
UGULA	1855	needs_human_review
DUURKA	1853	needs_human_review
LUGOOD	1852	needs_human_review
MACLUUL	1852	needs_human_review
MAHADAAY	1852	needs_human_review
PARTY	1852	needs_human_review
SIDEEN	1852	needs_human_review
AYEYNA	1851	needs_human_review
JIIDA	1851	needs_human_review
QAYLADA	1851	needs_human_review
MUNA	1850	needs_human_review
ODEY	1850	needs_human_review
XILALKII	1850	needs_human_review
GARTAA	1849	needs_human_review
TUSI	1849	needs_human_review
ABIIB	1848	needs_human_review
DIINIGA	1848	needs_human_review
SARREEYO	1848	needs_human_review
SEVILLA	1848	needs_human_review
UBAAHAN	1848	needs_human_review
BADATAY	1845	needs_human_review
DARAWAL	1845	needs_human_review
QABANO	1845	needs_human_review
DAJIYO	1843	needs_human_review
XUSAYO	1843	needs_human_review
JEBIYEY	1842	needs_human_review
ODOWAA	1842	needs_human_review
XULUFADA	1842	needs_human_review
DAREY	1840	needs_human_review
DARSADAY	1839	needs_human_review
PUBLIC	1839	needs_human_review
ISKAMA	1838	needs_human_review
AABBIHII	1837	needs_human_review
DHISAYA	1837	needs_human_review
GABOOSE	1837	needs_human_review
JEENYO	1837	needs_human_review
TUNISIA	1837	needs_human_review
AANAAN	1836	needs_human_review
DEGGEN	1836	needs_human_review
MARAYEEN	1836	needs_human_review
SIFEEYAY	1836	needs_human_review
SINAAN	1836	needs_human_review
XAMZA	1836	needs_human_review
HESHID	1835	needs_human_review
OLE	1835	needs_human_review
HUBIYAAN	1834	needs_human_review
MONTHS	1834	needs_human_review
OIL	1834	needs_human_review
URUGUAY	1834	needs_human_review
CABDUL	1833	needs_human_review
GUDUBNAY	1833	needs_human_review
WEERARKU	1833	needs_human_review
BOOGA	1832	needs_human_review
NEBIGU	1832	needs_human_review
WAXBAA	1832	needs_human_review
GALAYAA	1831	needs_human_review
AIRWAYS	1830	needs_human_review
HOREYBA	1830	needs_human_review
HADLIYE	1829	needs_human_review
ISRA	1829	needs_human_review
JIIFA	1829	needs_human_review
USBUUC	1829	needs_human_review
GUDBINO	1828	needs_human_review
CULUMO	1827	needs_human_review
IMAAMKA	1827	needs_human_review
TALIYUHU	1827	needs_human_review
TIRIYO	1827	needs_human_review
YIRAA	1827	needs_human_review
ADOOD	1826	needs_human_review
HORMOOD	1826	needs_human_review
ICRC	1825	needs_human_review
KASTE	1825	needs_human_review
SEEXDO	1825	needs_human_review
SPORTIGA	1825	needs_human_review
TUUBADA	1825	needs_human_review
DEMBIGA	1824	needs_human_review
IOM	1824	needs_human_review
SATURDAY	1824	needs_human_review
CUDURRO	1823	needs_human_review
ARKAYEEN	1822	needs_human_review
SAARTAA	1821	needs_human_review
EEDAYSAY	1820	needs_human_review
AANKIISA	1819	needs_human_review
HORIMAAD	1819	needs_human_review
ABAABULO	1818	needs_human_review
DADAALI	1818	needs_human_review
DIGEEN	1818	needs_human_review
GABILAY	1818	needs_human_review
FAO	1817	needs_human_review
MANDERA	1817	needs_human_review
SEATTLE	1817	needs_human_review
XDSHSI	1817	needs_human_review
ZAKARIYE	1816	needs_human_review
AAMIYEY	1815	needs_human_review
BEDESHO	1815	needs_human_review
MARAAYO	1815	needs_human_review
SOOBE	1815	needs_human_review
DUFANKA	1814	needs_human_review
GEYIGA	1814	needs_human_review
GEYSAY	1814	needs_human_review
HAJI	1814	needs_human_review
DHISEEN	1813	needs_human_review
XOREEYAY	1813	needs_human_review
AALA	1812	needs_human_review
CAAWISAA	1812	needs_human_review
UMMADDU	1812	needs_human_review
XOREEYO	1812	needs_human_review
DUGSIGII	1811	needs_human_review
FIKIRO	1811	needs_human_review
GELIYA	1810	needs_human_review
HALKAY	1810	needs_human_review
WADNAA	1810	needs_human_review
SUGAYEEN	1809	needs_human_review
WARANTAY	1806	needs_human_review
DAAQA	1805	needs_human_review
HADIIBA	1805	needs_human_review
MARTIN	1805	needs_human_review
DHAMMU	1803	needs_human_review
SALAANTA	1802	needs_human_review
TVGA	1802	needs_human_review
XIDIGAN	1802	needs_human_review
SAARNAY	1801	needs_human_review
SHEEKADU	1801	needs_human_review
SITAY	1801	needs_human_review
TAQAANAA	1801	needs_human_review
WELIGIIS	1801	needs_human_review
GALINAYO	1799	needs_human_review
QURXIYO	1799	needs_human_review
QISADA	1798	needs_human_review
DALKAA	1797	needs_human_review
DHOWRO	1797	needs_human_review
EEDAHA	1797	needs_human_review
FARTUUN	1797	needs_human_review
ALGERIA	1796	needs_human_review
DAWOOYIN	1796	needs_human_review
DOONAYNO	1796	needs_human_review
TUUREEN	1796	needs_human_review
DEL	1795	needs_human_review
DIRIRKA	1795	needs_human_review
IIMAANKA	1795	needs_human_review
YAHANKA	1795	needs_human_review
DHEERIGA	1794	needs_human_review
GAARTEY	1793	needs_human_review
TAGAYAAN	1793	needs_human_review
WARAABKA	1793	needs_human_review
QABTID	1791	needs_human_review
SEPT	1791	needs_human_review
BATEEN	1790	needs_human_review
BUT	1790	needs_human_review
DHOWEYD	1790	needs_human_review
DUGSIYO	1790	needs_human_review
RABTA	1790	needs_human_review
CURTAY	1789	needs_human_review
DANBEYSA	1788	needs_human_review
SILVA	1788	needs_human_review
FAAHINO	1787	needs_human_review
HAAYA	1785	needs_human_review
HARRY	1785	needs_human_review
LAYSLA	1785	needs_human_review
KHUDBADA	1784	needs_human_review
OGOLA	1784	needs_human_review
WADATAY	1784	needs_human_review
SANADAHA	1783	needs_human_review
WADAAGNO	1783	needs_human_review
EEDEYAY	1782	needs_human_review
TUESDAY	1782	needs_human_review
DHULEED	1781	needs_human_review
SOMAALI	1781	needs_human_review
NALAGU	1780	needs_human_review
THAILAND	1780	needs_human_review
QORMADA	1779	needs_human_review
YIMAADAA	1779	needs_human_review
FAAFAY	1778	needs_human_review
ILLAAH	1778	needs_human_review
HORAYNA	1777	needs_human_review
GARAACA	1776	needs_human_review
HILAAC	1775	needs_human_review
JIG	1775	needs_human_review
NASTAY	1775	needs_human_review
DARNAA	1774	needs_human_review
DHABA	1774	needs_human_review
BIYIHII	1773	needs_human_review
GUTERRES	1773	needs_human_review
QARAXAAN	1773	needs_human_review
RAACAYA	1773	needs_human_review
ADIGANA	1772	needs_human_review
ERGOOYIN	1772	needs_human_review
XASUUS	1771	needs_human_review
SAXARAHA	1770	needs_human_review
YAABEE	1770	needs_human_review
DERBIGA	1767	needs_human_review
INANTA	1767	needs_human_review
RAXMAN	1767	needs_human_review
JIRKAAGA	1766	needs_human_review
KHADADKA	1766	needs_human_review
MONDAY	1766	needs_human_review
SOCONAA	1766	needs_human_review
FULINAYA	1765	needs_human_review
ILYAAS	1765	needs_human_review
KURSIGII	1765	needs_human_review
TANINA	1764	needs_human_review
ZAMBIA	1763	needs_human_review
AYAAA	1762	needs_human_review
DALKEENU	1762	needs_human_review
QUUDINTA	1760	needs_human_review
JIGA	1759	needs_human_review
DAYA	1758	needs_human_review
ALAHA	1757	needs_human_review
BIDAY	1757	needs_human_review
DUNIDAN	1757	needs_human_review
IDINKOO	1757	needs_human_review
RIYADH	1757	needs_human_review
SOM	1757	needs_human_review
XANTA	1757	needs_human_review
GANAAXA	1756	needs_human_review
QALMIN	1755	needs_human_review
ISKEED	1754	needs_human_review
MAURIZIO	1753	needs_human_review
INTUBA	1752	needs_human_review
QABRIGA	1752	needs_human_review
QIBRAD	1751	needs_human_review
TILAABO	1751	needs_human_review
KUXIGEEN	1750	needs_human_review
SHAQADDA	1750	needs_human_review
HABSADAY	1749	needs_human_review
HAWSHAAS	1748	needs_human_review
QAADKU	1748	needs_human_review
WAJAHAYO	1748	needs_human_review
DADKABA	1747	needs_human_review
GUDUBTO	1747	needs_human_review
INKALE	1747	needs_human_review
YAHAYNA	1747	needs_human_review
DAGANAA	1746	needs_human_review
DHIGNAY	1746	needs_human_review
DAYNTA	1745	needs_human_review
ABSAME	1744	needs_human_review
IYADAA	1744	needs_human_review
QABKA	1744	needs_human_review
CIWAANKA	1743	needs_human_review
CUNIN	1743	needs_human_review
SHAQADAN	1743	needs_human_review
ARKEYSAA	1742	needs_human_review
DIIDA	1742	needs_human_review
QARIYO	1742	needs_human_review
HADANE	1741	needs_human_review
ALA	1740	needs_human_review
ARKEY	1740	needs_human_review
EHELKII	1740	needs_human_review
GARTA	1740	needs_human_review
MATALAAN	1740	needs_human_review
SHAQEYNO	1740	needs_human_review
WARQADO	1740	needs_human_review
AASIGA	1739	needs_human_review
LEYSKU	1739	needs_human_review
MBAPPE	1739	needs_human_review
XIGATAY	1739	needs_human_review
GUTO	1738	needs_human_review
BILAWGII	1737	needs_human_review
BUUXDO	1737	needs_human_review
ADKAADO	1736	needs_human_review
NINKAA	1736	needs_human_review
SAARIDA	1736	needs_human_review
FIDRIGA	1735	needs_human_review
LABISAN	1735	needs_human_review
AQBALAAN	1734	needs_human_review
JAZIIRA	1733	needs_human_review
QAADACAY	1731	needs_human_review
RABITAAN	1731	needs_human_review
WADISTA	1731	needs_human_review
AADANKA	1730	needs_human_review
BAQDAAD	1730	needs_human_review
GALEYR	1730	needs_human_review
FARAYAA	1729	needs_human_review
KEY	1729	needs_human_review
WEHELISO	1729	needs_human_review
WAXAASI	1728	needs_human_review
WELIGAA	1728	needs_human_review
YEELAYO	1728	needs_human_review
BURKA	1727	needs_human_review
DALKABA	1727	needs_human_review
QAADAYSO	1726	needs_human_review
WASARAHA	1725	needs_human_review
DHIIBTO	1724	needs_human_review
MIDEYNTA	1724	needs_human_review
NOQNOQDA	1724	needs_human_review
CAFIYO	1723	needs_human_review
XIDDIGII	1723	needs_human_review
BAMKA	1721	needs_human_review
BUSINESS	1721	needs_human_review
ISTAAGTO	1720	needs_human_review
QAADHAAN	1720	needs_human_review
KOOXDAAN	1719	needs_human_review
TAGNO	1719	needs_human_review
XALAASHA	1719	needs_human_review
YAHANO	1719	needs_human_review
ABUKAR	1718	needs_human_review
BARQADII	1718	needs_human_review
CAPITAL	1718	needs_human_review
CORONA	1718	needs_human_review
ISAGO	1718	needs_human_review
TAYAYNTA	1718	needs_human_review
HILOWLE	1717	needs_human_review
LEEGO	1717	needs_human_review
DHIIRA	1715	needs_human_review
FANEED	1714	needs_human_review
ISO	1714	needs_human_review
SHIRWAC	1714	needs_human_review
XAKAMEYN	1714	needs_human_review
AAMINAY	1713	needs_human_review
OOLKA	1712	needs_human_review
HELIWAA	1711	needs_human_review
MAQLAYAA	1711	needs_human_review
HELEYSO	1710	needs_human_review
MAALINKA	1710	needs_human_review
NIMCAAN	1710	needs_human_review
CAFINTA	1709	needs_human_review
FUULAY	1709	needs_human_review
LADEN	1709	needs_human_review
QASABTAY	1709	needs_human_review
BAAHNID	1708	needs_human_review
CARUURTU	1708	needs_human_review
YAASMIIN	1708	needs_human_review
DEGGANAA	1707	needs_human_review
DUUGAY	1707	needs_human_review
MANDELA	1707	needs_human_review
XOOLUHU	1707	needs_human_review
SARRAYSA	1705	needs_human_review
ABOUT	1704	needs_human_review
BAHOOBAY	1704	needs_human_review
SUURADA	1704	needs_human_review
GENERAAL	1703	needs_human_review
JACAYLKU	1703	needs_human_review
YAABEEN	1703	needs_human_review
BURTINLE	1701	needs_human_review
CADAHAY	1701	needs_human_review
DOONTAY	1701	needs_human_review
NOQDEE	1701	needs_human_review
QALADKA	1701	needs_human_review
SOCODA	1701	needs_human_review
DHACYO	1700	needs_human_review
JOOGSAN	1700	needs_human_review
AMEERIKO	1699	needs_human_review
IIBIYEY	1699	needs_human_review
KOBOCA	1699	needs_human_review
BILOWDEY	1698	needs_human_review
RIDI	1698	needs_human_review
XIDHAAN	1698	needs_human_review
YAHUUDAH	1698	needs_human_review
BOOQDA	1697	needs_human_review
SUBAXDII	1697	needs_human_review
BOOQATAY	1696	needs_human_review
GOORTII	1695	needs_human_review
HESHIIYO	1695	needs_human_review
QABS	1695	needs_human_review
CALAYKUM	1694	needs_human_review
COLLEGE	1694	needs_human_review
JOMO	1694	needs_human_review
QALIINKA	1693	needs_human_review
ABUUREEN	1692	needs_human_review
RUNTIINA	1692	needs_human_review
SHAYGA	1692	needs_human_review
AGGM	1691	needs_human_review
GUULIHII	1691	needs_human_review
HAAYAY	1691	needs_human_review
BOGEENA	1690	needs_human_review
DABKU	1690	needs_human_review
WEEYI	1690	needs_human_review
XIISADO	1690	needs_human_review
GAYN	1689	needs_human_review
LAQEEYE	1688	needs_human_review
DAABACO	1687	needs_human_review
DHEXAYSA	1687	needs_human_review
FAANO	1687	needs_human_review
BUDADA	1686	needs_human_review
QOLYAHA	1686	needs_human_review
UNION	1686	needs_human_review
NAFTU	1685	needs_human_review
XUSUUSTO	1685	needs_human_review
AUSTRIA	1684	needs_human_review
CARIGA	1684	needs_human_review
KADIS	1684	needs_human_review
QEYBSAN	1684	needs_human_review
XUSSEEN	1684	needs_human_review
BNN	1683	needs_human_review
CULIMAA	1683	needs_human_review
FADHIDO	1683	needs_human_review
GARBAHA	1683	needs_human_review
SAFRAY	1683	needs_human_review
THURSDAY	1683	needs_human_review
KIINIYA	1682	needs_human_review
WAXAAA	1681	needs_human_review
BAAQEY	1680	needs_human_review
LOGIN	1680	needs_human_review
QALADAAD	1680	needs_human_review
ROBERTO	1680	needs_human_review
WAANAY	1680	needs_human_review
BEELIHII	1679	needs_human_review
DOONAY	1679	needs_human_review
HAGI	1679	needs_human_review
HAREEN	1679	needs_human_review
HORABA	1679	needs_human_review
JIRADA	1679	needs_human_review
QULUUBTA	1679	needs_human_review
WAQTIYO	1679	needs_human_review
LAYSU	1678	needs_human_review
WADDAY	1678	needs_human_review
MIYAY	1676	needs_human_review
UBADAN	1676	needs_human_review
WADAREED	1676	needs_human_review
ANNAGUNA	1675	needs_human_review
COLUMBUS	1675	needs_human_review
HIRGALIN	1675	needs_human_review
GABAYO	1674	needs_human_review
MALTA	1674	needs_human_review
FIDIYAAN	1673	needs_human_review
MAQLAYO	1673	needs_human_review
TAHRIIB	1673	needs_human_review
TOOSIYE	1673	needs_human_review
SHIIKHA	1672	needs_human_review
KHARTOUM	1671	needs_human_review
SITE	1671	needs_human_review
BOQORKU	1670	needs_human_review
CASHARO	1670	needs_human_review
ISFAHAM	1670	needs_human_review
GEYSATO	1668	needs_human_review
LEAQUE	1668	needs_human_review
LIDKA	1668	needs_human_review
YUU	1668	needs_human_review
DIBADEED	1667	needs_human_review
FARDOWSA	1667	needs_human_review
HODANKA	1667	needs_human_review
LAYGU	1667	needs_human_review
HABKAN	1666	needs_human_review
MURQAHA	1666	needs_human_review
QAABKAN	1664	needs_human_review
AMINA	1663	needs_human_review
ARRINTII	1663	needs_human_review
JABIYEY	1663	needs_human_review
SAQAFKA	1663	needs_human_review
ISKOOLKA	1662	needs_human_review
SIDEEDA	1662	needs_human_review
WAFTIGAN	1662	needs_human_review
WAFTIGII	1662	needs_human_review
QAADAYAY	1661	needs_human_review
SIINAYSO	1661	needs_human_review
ARINKAN	1660	needs_human_review
CADALE	1659	needs_human_review
SOOMALIA	1658	needs_human_review
XARIIRTA	1658	needs_human_review
XUDUN	1658	needs_human_review
WADDAA	1657	needs_human_review
GEBO	1656	needs_human_review
KEENYA	1656	needs_human_review
DHOOBADA	1655	needs_human_review
FILEYN	1655	needs_human_review
MADOWGA	1655	needs_human_review
SANADKI	1655	needs_human_review
DALKIISU	1654	needs_human_review
EEDDA	1654	needs_human_review
MINISTER	1654	needs_human_review
ASIGA	1653	needs_human_review
MAARMIN	1653	needs_human_review
OGAADEY	1653	needs_human_review
ADKAATO	1652	needs_human_review
AYDAAN	1652	needs_human_review
MUUQDEEN	1652	needs_human_review
AFKAARTA	1651	needs_human_review
GUURAAGA	1649	needs_human_review
KULMA	1649	needs_human_review
QARIYEY	1649	needs_human_review
RIDWAAN	1649	needs_human_review
DAAYEEN	1648	needs_human_review
MAJIRO	1648	needs_human_review
QOORQOOR	1648	needs_human_review
ABUURAYO	1647	needs_human_review
GOV	1647	needs_human_review
MURUQA	1647	needs_human_review
WADIN	1647	needs_human_review
WUXUUSE	1647	needs_human_review
DANIEL	1646	needs_human_review
EEDEYNTA	1646	needs_human_review
DORAAD	1645	needs_human_review
JABINTA	1645	needs_human_review
JILIBKA	1644	needs_human_review
AADAMKU	1643	needs_human_review
GARETH	1643	needs_human_review
HEALTH	1643	needs_human_review
DAYDAAN	1641	needs_human_review
KACAYO	1641	needs_human_review
KORORTAY	1641	needs_human_review
ADDO	1640	needs_human_review
BAAQII	1640	needs_human_review
COUTINHO	1639	needs_human_review
HOWSHAN	1639	needs_human_review
NAALOODO	1639	needs_human_review
NAARTA	1639	needs_human_review
ROGEEN	1639	needs_human_review
ABUURAYA	1638	needs_human_review
KAYDIYO	1638	needs_human_review
CAQABADA	1637	needs_human_review
HOOSEYSA	1637	needs_human_review
SEDEXAAD	1637	needs_human_review
BEST	1636	needs_human_review
ISKABA	1636	needs_human_review
QARNIGA	1636	needs_human_review
FURTAAN	1635	needs_human_review
WASARADA	1635	needs_human_review
BULSHEED	1634	needs_human_review
ASASADA	1633	needs_human_review
BAARAYA	1633	needs_human_review
DHALADA	1633	needs_human_review
TIRKA	1633	needs_human_review
ABUBAKAR	1632	needs_human_review
CODKII	1632	needs_human_review
MAREEGTA	1632	needs_human_review
GLOBAL	1631	needs_human_review
KULANKU	1631	needs_human_review
QAAXADA	1630	needs_human_review
SEDAX	1630	needs_human_review
KAASHADO	1629	needs_human_review
MARXUUN	1629	needs_human_review
NOQONAY	1629	needs_human_review
TASOO	1629	needs_human_review
GURMADAY	1628	needs_human_review
KALIGIIS	1628	needs_human_review
SABRIYE	1628	needs_human_review
SICIRKA	1628	needs_human_review
BACDA	1627	needs_human_review
GARTAAN	1627	needs_human_review
SAARTEY	1627	needs_human_review
DEGMADU	1626	needs_human_review
INYAR	1626	needs_human_review
KAASO	1626	needs_human_review
QAXEEN	1625	needs_human_review
XOWLI	1625	needs_human_review
POWER	1624	needs_human_review
ISUTAGGA	1622	needs_human_review
ZUMA	1622	needs_human_review
BEEGSADO	1621	needs_human_review
INSHAA	1620	needs_human_review
KICINTA	1620	needs_human_review
MUUDEEY	1620	needs_human_review
XALIYAAN	1619	needs_human_review
HADLAAYA	1618	needs_human_review
COMPANY	1617	needs_human_review
FURKA	1617	needs_human_review
GARANAYA	1617	needs_human_review
HOOYADU	1616	needs_human_review
MARNAY	1616	needs_human_review
SERVICE	1616	needs_human_review
THEY	1616	needs_human_review
WEHLIYA	1616	needs_human_review
YAHANADA	1616	needs_human_review
FIDISAY	1615	needs_human_review
WEFTIGII	1615	needs_human_review
BADHEEDH	1614	needs_human_review
JOOGNAY	1614	needs_human_review
KUUMA	1614	needs_human_review
QADARKA	1613	needs_human_review
YAALAA	1613	needs_human_review
CARARAAN	1612	needs_human_review
GALAYSA	1612	needs_human_review
HTML	1612	needs_human_review
MACRON	1612	needs_human_review
MAGDHOW	1612	needs_human_review
NALAGA	1612	needs_human_review
SHEEGNO	1611	needs_human_review
DHULKAN	1610	needs_human_review
MATABAAN	1610	needs_human_review
SUBEER	1610	needs_human_review
ALLAAHU	1609	needs_human_review
GALIYA	1609	needs_human_review
WARFAA	1609	needs_human_review
DHUUNTA	1607	needs_human_review
MAWQIFKA	1607	needs_human_review
DUWANA	1606	needs_human_review
FILIMKAN	1606	needs_human_review
KOOBNAYD	1606	needs_human_review
QADAAFI	1606	needs_human_review
BARXADDA	1605	needs_human_review
NFD	1605	needs_human_review
SAMAROON	1605	needs_human_review
BERNABEU	1603	needs_human_review
CAAWISAY	1602	needs_human_review
REERAHA	1602	needs_human_review
ABAARTII	1601	needs_human_review
AJAANIIB	1601	needs_human_review
KORAAN	1601	needs_human_review
SONYO	1601	needs_human_review
CADDAHAY	1600	needs_human_review
TACADIYO	1600	needs_human_review
HORSEEDA	1599	needs_human_review
WAJAHO	1599	needs_human_review
TRIPOLI	1598	needs_human_review
QANCAY	1597	needs_human_review
DHAHEEN	1596	needs_human_review
EUROPA	1596	needs_human_review
IIDLE	1596	needs_human_review
SOCIETY	1596	needs_human_review
DHAMAYS	1595	needs_human_review
JOOGTID	1594	needs_human_review
MADEIRA	1594	needs_human_review
QOTOMA	1594	needs_human_review
GUDDIYO	1593	needs_human_review
KOOXEED	1593	needs_human_review
IGALA	1592	needs_human_review
DIIDANAA	1591	needs_human_review
FICILKA	1590	needs_human_review
SAKARIYE	1590	needs_human_review
SIFEEYEY	1590	needs_human_review
XOOJIYAY	1590	needs_human_review
CILAD	1589	needs_human_review
LAHADLAY	1589	needs_human_review
ROADMAP	1589	needs_human_review
VISA	1589	needs_human_review
VLADIMIR	1589	needs_human_review
BAAHDAY	1588	needs_human_review
GURMADO	1588	needs_human_review
QODISTA	1588	needs_human_review
DAMISKA	1587	needs_human_review
DIGAYAA	1587	needs_human_review
FARIISTO	1587	needs_human_review
HORREEYO	1587	needs_human_review
XIRMAY	1587	needs_human_review
DHALATO	1586	needs_human_review
LASOCO	1586	needs_human_review
MUGABE	1586	needs_human_review
TIRIYAA	1586	needs_human_review
KIISAS	1585	needs_human_review
QAADATA	1585	needs_human_review
MAXEY	1584	needs_human_review
FLORIDA	1583	needs_human_review
FURATAY	1583	needs_human_review
XABSIYO	1583	needs_human_review
KAAHIYE	1581	needs_human_review
GAARNO	1580	needs_human_review
KOOXDANI	1580	needs_human_review
MAALIK	1580	needs_human_review
RAISAL	1580	needs_human_review
BARIISKA	1579	needs_human_review
CELIYA	1579	needs_human_review
MIKE	1577	needs_human_review
SINABA	1577	needs_human_review
FOODDA	1576	needs_human_review
JUBADDA	1576	needs_human_review
LUNTAY	1576	needs_human_review
XUKUMA	1576	needs_human_review
BEELAY	1573	needs_human_review
DUQEEYAY	1573	needs_human_review
FIIRSADO	1572	needs_human_review
SAARAYAY	1572	needs_human_review
ENERGY	1571	needs_human_review
JANO	1571	needs_human_review
JOOGE	1571	needs_human_review
AAYADDA	1570	needs_human_review
GAARISTA	1569	needs_human_review
KORDHEEN	1569	needs_human_review
TALIYEEN	1569	needs_human_review
YARAADAY	1569	needs_human_review
JEESTAAN	1568	needs_human_review
WAXANAY	1568	needs_human_review
BAXAYEY	1567	needs_human_review
DAADIYAY	1567	needs_human_review
OODWEYNE	1567	needs_human_review
RAASHIIN	1567	needs_human_review
SHATIGA	1567	needs_human_review
XIJAABKA	1567	needs_human_review
BARYAHAN	1566	needs_human_review
CAYAARO	1566	needs_human_review
RABTAY	1566	needs_human_review
SHILKAN	1566	needs_human_review
CUSBAA	1565	needs_human_review
DIGFEER	1565	needs_human_review
GABAYGAN	1565	needs_human_review
WACYIGA	1565	needs_human_review
GASHEY	1564	needs_human_review
HADEY	1564	needs_human_review
MARAYSAA	1564	needs_human_review
URURKAAS	1564	needs_human_review
ISLAMIC	1563	needs_human_review
XIRFADA	1563	needs_human_review
DHAQMA	1562	needs_human_review
NOOLAHAY	1562	needs_human_review
BURCADDA	1561	needs_human_review
HALQARAN	1561	needs_human_review
AADAYAA	1560	needs_human_review
KALABA	1560	needs_human_review
YEEREEN	1560	needs_human_review
FERGUSON	1558	needs_human_review
OGAANAY	1558	needs_human_review
DHIMAY	1557	needs_human_review
CODSADO	1556	needs_human_review
DABLEYDA	1556	needs_human_review
BARDAALE	1555	needs_human_review
FEKERKA	1555	needs_human_review
KORODHAY	1555	needs_human_review
SABABTII	1555	needs_human_review
NOOLEYN	1554	needs_human_review
XIRAYO	1554	needs_human_review
DAARMAY	1553	needs_human_review
DILKAAS	1553	needs_human_review
HOYGIISA	1553	needs_human_review
TIMA	1553	needs_human_review
YOOLKA	1553	needs_human_review
AYUUB	1551	needs_human_review
FAAHSAN	1551	needs_human_review
GARXAJIS	1551	needs_human_review
QEYBIYEY	1551	needs_human_review
TURJUMAY	1551	needs_human_review
HOWSHII	1550	needs_human_review
DEGIN	1549	needs_human_review
FICILADA	1549	needs_human_review
KULLANKA	1549	needs_human_review
SAFARKAN	1549	needs_human_review
XUKUNO	1549	needs_human_review
WIILKAAN	1548	needs_human_review
YARAANTA	1548	needs_human_review
BADIYEY	1547	needs_human_review
BAXEYSA	1546	needs_human_review
DEBEDDA	1546	needs_human_review
KEENTEY	1546	needs_human_review
TASHADAY	1546	needs_human_review
DAYAYAAN	1545	needs_human_review
DOONSAN	1545	needs_human_review
AQRIYAY	1544	needs_human_review
INNOO	1544	needs_human_review
JECLA	1544	needs_human_review
ABWAANKU	1543	needs_human_review
EMAILKA	1543	needs_human_review
BEEGAY	1542	needs_human_review
KASBAN	1542	needs_human_review
CARRAALE	1541	needs_human_review
NASTO	1541	needs_human_review
CAARYADA	1540	needs_human_review
QORSHA	1540	needs_human_review
ADEEGTA	1539	needs_human_review
DALALKII	1539	needs_human_review
GALDOGOB	1539	needs_human_review
MOBILADA	1539	needs_human_review
TAAGNEYD	1539	needs_human_review
FIBER	1537	needs_human_review
KEENEY	1537	needs_human_review
SAYNAB	1537	needs_human_review
SHEKH	1537	needs_human_review
DUUBTAY	1536	needs_human_review
PDRC	1536	needs_human_review
FRIDAY	1535	needs_human_review
ASXAAB	1534	needs_human_review
DADKI	1534	needs_human_review
DUWAHA	1534	needs_human_review
KAADIDA	1534	needs_human_review
MIDDII	1533	needs_human_review
NAXO	1533	needs_human_review
SIINEYSO	1533	needs_human_review
ARBACA	1532	needs_human_review
TAGS	1532	needs_human_review
XAAWA	1532	needs_human_review
QEYBINTA	1531	needs_human_review
SYSTEM	1531	needs_human_review
BEDELIN	1530	needs_human_review
CARAALE	1530	needs_human_review
HELISTA	1530	needs_human_review
KULMAYA	1530	needs_human_review
NOQONIN	1530	needs_human_review
DACWADO	1529	needs_human_review
DUMARBA	1529	needs_human_review
KULANKAA	1529	needs_human_review
DOHA	1528	needs_human_review
FILES	1528	needs_human_review
HELSINKI	1528	needs_human_review
MICHEAL	1528	needs_human_review
KALUUNKA	1527	needs_human_review
SAMEEYN	1526	needs_human_review
BEDDESHO	1525	needs_human_review
FURMAYO	1525	needs_human_review
BAXSADO	1524	needs_human_review
BOOCAME	1524	needs_human_review
CHANNEL	1524	needs_human_review
FKMG	1524	needs_human_review
GODEY	1524	needs_human_review
MARAYSA	1524	needs_human_review
CEELAL	1522	needs_human_review
YARADA	1522	needs_human_review
TAAGTA	1521	needs_human_review
TIMAADDA	1521	needs_human_review
WARSHADO	1521	needs_human_review
BISHU	1520	needs_human_review
GABRE	1520	needs_human_review
HALKUU	1520	needs_human_review
KORNEEL	1520	needs_human_review
WAFUUD	1520	needs_human_review
HEYSAY	1519	needs_human_review
SAMA	1519	needs_human_review
WAAGAAS	1519	needs_human_review
DEJISAY	1518	needs_human_review
GAARAYAY	1518	needs_human_review
WIDHWIDH	1518	needs_human_review
DEGAANNO	1517	needs_human_review
FAQRIGA	1517	needs_human_review
QAZA	1517	needs_human_review
FASALADA	1516	needs_human_review
GAARNAY	1516	needs_human_review
NINNA	1516	needs_human_review
SEA	1516	needs_human_review
SUUNKA	1515	needs_human_review
DAGI	1514	needs_human_review
INNABA	1514	needs_human_review
JIDHKU	1513	needs_human_review
WAYNI	1513	needs_human_review
XIDDIGO	1513	needs_human_review
XUSEY	1513	needs_human_review
AHAANTA	1512	needs_human_review
DAAWATO	1512	needs_human_review
GEGIDA	1512	needs_human_review
YAANAY	1512	needs_human_review
DIRIN	1511	needs_human_review
KARAYO	1511	needs_human_review
SHEYGA	1511	needs_human_review
DAAYE	1510	needs_human_review
DEJIYAAN	1510	needs_human_review
WADDANKU	1510	needs_human_review
BAXNO	1509	needs_human_review
FAYLKA	1509	needs_human_review
WAJIGII	1508	needs_human_review
FADLIGA	1507	needs_human_review
KOLKAAS	1507	needs_human_review
MEESHAAN	1507	needs_human_review
MURSI	1507	needs_human_review
QOLADII	1507	needs_human_review
WALIGIIS	1507	needs_human_review
GUDIGII	1506	needs_human_review
JAWAABEY	1505	needs_human_review
STANDARD	1505	needs_human_review
AABBAHAY	1504	needs_human_review
ASBUUC	1504	needs_human_review
QABSOOMO	1504	needs_human_review
WEEY	1504	needs_human_review
BAXNAY	1502	needs_human_review
IGAGA	1502	needs_human_review
WALES	1502	needs_human_review
YARIDA	1502	needs_human_review
AAMADII	1501	needs_human_review
KHALADKA	1501	needs_human_review
PSF	1501	needs_human_review
QAABILEY	1501	needs_human_review
QAACIDDA	1501	needs_human_review
SHARAXO	1501	needs_human_review
SUBIXII	1501	needs_human_review
CODSIYO	1500	needs_human_review
JABRIIL	1500	needs_human_review
TUKADO	1500	needs_human_review
DABKII	1499	needs_human_review
DEGEY	1499	needs_human_review
DHAMAYN	1499	needs_human_review
LAHAANA	1499	needs_human_review
LAHAAYEN	1499	needs_human_review
PHOTO	1499	needs_human_review
STEPHEN	1499	needs_human_review
WARQABIN	1499	needs_human_review
XOGHAYA	1499	needs_human_review
DOONYAHA	1498	needs_human_review
WEYNEYD	1498	needs_human_review
ATLANTA	1497	needs_human_review
DHAHAAN	1497	needs_human_review
DIIDDAY	1497	needs_human_review
JIREED	1497	needs_human_review
WADAYAAN	1497	needs_human_review
ZUBEYR	1497	needs_human_review
TALISA	1496	needs_human_review
ZEALAND	1496	needs_human_review
HALAGA	1495	needs_human_review
MOQDISHO	1495	needs_human_review
MCKNIGHT	1494	needs_human_review
VALENCIA	1494	needs_human_review
XOOJISO	1494	needs_human_review
CNN	1493	needs_human_review
EEDA	1493	needs_human_review
IIDAYSTO	1493	needs_human_review
XADIISKA	1493	needs_human_review
DIMISHIQ	1492	needs_human_review
KHIBRADA	1492	needs_human_review
EDEN	1491	needs_human_review
KALLE	1491	needs_human_review
HOSPITAL	1490	needs_human_review
INO	1489	needs_human_review
SPAM	1489	needs_human_review
CODEEYEY	1488	needs_human_review
SAHANKA	1488	needs_human_review
REERKII	1487	needs_human_review
AABAHAY	1486	needs_human_review
CARWADA	1486	needs_human_review
ANTI	1485	needs_human_review
GALAXY	1485	needs_human_review
YAREYNTA	1485	needs_human_review
AAMISAN	1484	needs_human_review
DIRAYNAA	1484	needs_human_review
KUULA	1484	needs_human_review
JAGOOYIN	1483	needs_human_review
DHAGO	1482	needs_human_review
SOOMAN	1482	needs_human_review
WEHLIYAY	1482	needs_human_review
BRISTOL	1481	needs_human_review
KIBAKI	1480	needs_human_review
CODADKII	1479	needs_human_review
LIDI	1479	needs_human_review
MATAANO	1479	needs_human_review
ISKALA	1478	needs_human_review
OGOLEYN	1478	needs_human_review
RABTID	1478	needs_human_review
AYAASE	1477	needs_human_review
IDINKAGA	1477	needs_human_review
ALXANKA	1476	needs_human_review
DON	1475	needs_human_review
KOOBAB	1475	needs_human_review
BAARAY	1474	needs_human_review
BOSTON	1474	needs_human_review
GABAGABO	1474	needs_human_review
QOLALKA	1474	needs_human_review
SHAYDAAN	1474	needs_human_review
SHEEGTAA	1474	needs_human_review
COPA	1473	needs_human_review
SUGA	1473	needs_human_review
XARFAHA	1473	needs_human_review
KANAALKA	1472	needs_human_review
NAFTII	1472	needs_human_review
TAQAANO	1472	needs_human_review
WAQTIGAA	1472	needs_human_review
WARDHEER	1472	needs_human_review
AYEE	1471	needs_human_review
CAMEROON	1471	needs_human_review
FALKAAN	1471	needs_human_review
ILLA	1471	needs_human_review
TOOSINTA	1471	needs_human_review
UMMADAHA	1471	needs_human_review
WAXAANAD	1471	needs_human_review
BALI	1470	needs_human_review
MAQLIN	1470	needs_human_review
CADEYMO	1469	needs_human_review
HAKIYO	1469	needs_human_review
NILE	1469	needs_human_review
QANCIYAY	1469	needs_human_review
IDALE	1468	needs_human_review
JECLO	1468	needs_human_review
AASKII	1467	needs_human_review
KOREA	1467	needs_human_review
SABABTO	1467	needs_human_review
KALO	1466	needs_human_review
MUDADAAS	1466	needs_human_review
PORT	1466	needs_human_review
SOOMA	1466	needs_human_review
TIRTIRO	1466	needs_human_review
AABBAHA	1465	needs_human_review
DEGENAA	1465	needs_human_review
AGUERO	1464	needs_human_review
LAFTIISU	1463	needs_human_review
MYANMAR	1463	needs_human_review
BUSH	1462	needs_human_review
CASINOS	1462	needs_human_review
LUNSADAY	1461	needs_human_review
SHARKA	1461	needs_human_review
DUKAAMO	1459	needs_human_review
GALINAYA	1459	needs_human_review
REEBKA	1459	needs_human_review
HCTV	1458	needs_human_review
OLOLEEYA	1458	needs_human_review
RIIXAYA	1458	needs_human_review
DARYEELO	1457	needs_human_review
DHAGXAAN	1457	needs_human_review
HADAANU	1457	needs_human_review
MAQASHO	1457	needs_human_review
DAYGA	1456	needs_human_review
IDINKUNA	1456	needs_human_review
RAGGAASI	1456	needs_human_review
DAALLO	1455	needs_human_review
MAAYAAN	1455	needs_human_review
QAATAN	1455	needs_human_review
BALAMAY	1454	needs_human_review
HAYSANO	1454	needs_human_review
SAHRO	1454	needs_human_review
HAATANNA	1453	needs_human_review
SUURADDA	1453	needs_human_review
TALLADA	1453	needs_human_review
CIQAABO	1452	needs_human_review
SUGIN	1452	needs_human_review
DUHURKII	1451	needs_human_review
GAABIYAY	1451	needs_human_review
JEESOW	1451	needs_human_review
POLICY	1451	needs_human_review
XAFLADO	1451	needs_human_review
AWAARE	1450	needs_human_review
FAAFISAY	1450	needs_human_review
TAKOORKA	1450	needs_human_review
AALIHII	1449	needs_human_review
BAADAY	1449	needs_human_review
IMAARADA	1449	needs_human_review
LOUIS	1449	needs_human_review
GUUREEN	1448	needs_human_review
DHUUXA	1447	needs_human_review
FUDUDEYN	1447	needs_human_review
XUMAYD	1447	needs_human_review
BFS	1446	needs_human_review
XUSIN	1446	needs_human_review
HANBALYO	1445	needs_human_review
AKHRISAN	1444	needs_human_review
CEEBTA	1444	needs_human_review
DOONISTA	1444	needs_human_review
USBUUCII	1444	needs_human_review
ALAABA	1443	needs_human_review
CULUUNTA	1443	needs_human_review
MAXUSEEN	1443	needs_human_review
RIDAAN	1443	needs_human_review
DHIGAYEY	1442	needs_human_review
DIINKA	1442	needs_human_review
KALIGEED	1441	needs_human_review
QOSOLKA	1441	needs_human_review
AGENCY	1440	needs_human_review
BAXAYNA	1440	needs_human_review
DUCADA	1440	needs_human_review
KANE	1440	needs_human_review
QEYBIYO	1440	needs_human_review
HEESTII	1439	needs_human_review
SODON	1439	needs_human_review
CUBA	1438	needs_human_review
HADHSAN	1438	needs_human_review
QAADKII	1438	needs_human_review
SIISA	1438	needs_human_review
OGOSTO	1437	needs_human_review
TUKA	1437	needs_human_review
UBAXA	1437	needs_human_review
XADHIGGA	1437	needs_human_review
AJENDAHA	1436	needs_human_review
ROOBOOW	1436	needs_human_review
TUURI	1436	needs_human_review
ROOBKU	1435	needs_human_review
TAALLAA	1435	needs_human_review
DAREERAY	1434	needs_human_review
FAHMEEN	1434	needs_human_review
FURAYAY	1434	needs_human_review
GUNTII	1434	needs_human_review
PRODUCT	1434	needs_human_review
UMANA	1434	needs_human_review
JANADII	1433	needs_human_review
YAHUUDA	1433	needs_human_review
AQBALIN	1432	needs_human_review
JIRANA	1432	needs_human_review
RAADKA	1432	needs_human_review
TIRAAHDO	1432	needs_human_review
DOORTA	1431	needs_human_review
HAYEESHE	1431	needs_human_review
UUGA	1431	needs_human_review
WEEYEY	1431	needs_human_review
DHAMEYN	1430	needs_human_review
DIYAARKA	1430	needs_human_review
EEDAYMO	1430	needs_human_review
SIXI	1429	needs_human_review
FARRIIMO	1427	needs_human_review
WAAYADAN	1427	needs_human_review
XIGI	1427	needs_human_review
JIRKEEDA	1426	needs_human_review
MAXALLI	1426	needs_human_review
BADALAAN	1425	needs_human_review
CARLO	1425	needs_human_review
GASHIGA	1425	needs_human_review
AADAMIGA	1424	needs_human_review
WAXBO	1424	needs_human_review
ZLATAN	1424	needs_human_review
SIRAAJI	1423	needs_human_review
IIDEYSTO	1422	needs_human_review
MUXAMAD	1422	needs_human_review
ADKAYD	1421	needs_human_review
AWOODDII	1421	needs_human_review
CONTACT	1421	needs_human_review
SALAAMAY	1421	needs_human_review
AANNADA	1420	needs_human_review
CIIDAMA	1420	needs_human_review
USC	1420	needs_human_review
MIDKIIBA	1418	needs_human_review
NOOMA	1418	needs_human_review
ROOBKII	1418	needs_human_review
JAWAABTO	1417	needs_human_review
PLUGIN	1417	needs_human_review
DHAAFEEN	1416	needs_human_review
FILAYAAN	1416	needs_human_review
XOOGANAA	1416	needs_human_review
ARTS	1415	needs_human_review
TAGTA	1415	needs_human_review
FIIRSATO	1414	needs_human_review
GIRIIGGA	1414	needs_human_review
NINBA	1414	needs_human_review
TACSIDA	1414	needs_human_review
WAXKA	1414	needs_human_review
AASI	1413	needs_human_review
AMREEN	1413	needs_human_review
BOOQATO	1413	needs_human_review
CUSUBNA	1413	needs_human_review
JILAAGA	1413	needs_human_review
DEGAYA	1412	needs_human_review
GUNTA	1412	needs_human_review
SUNNADA	1412	needs_human_review
YAABISAY	1412	needs_human_review
HORGEEYO	1411	needs_human_review
PHD	1411	needs_human_review
AMERIKA	1410	needs_human_review
CABBAAS	1410	needs_human_review
DIRECTOR	1410	needs_human_review
IRAQ	1410	needs_human_review
MIDII	1410	needs_human_review
YEESHEY	1410	needs_human_review
BAAQAYA	1409	needs_human_review
GEEYSTAY	1409	needs_human_review
KEYD	1409	needs_human_review
SALEEYO	1409	needs_human_review
ANNIGA	1408	needs_human_review
DHISNO	1408	needs_human_review
GAANDI	1408	needs_human_review
ISIMO	1408	needs_human_review
KAAMA	1408	needs_human_review
XOGTAN	1408	needs_human_review
CAA	1407	needs_human_review
DAJIN	1407	needs_human_review
DHISTEEN	1407	needs_human_review
JURGEN	1407	needs_human_review
AUTHOR	1406	needs_human_review
BAQAYAA	1406	needs_human_review
JABAAN	1406	needs_human_review
JILBAHA	1405	needs_human_review
KULMEY	1405	needs_human_review
MASAWIRO	1405	needs_human_review
AWOODAA	1404	needs_human_review
CAAWIYEY	1404	needs_human_review
GAARAYSO	1404	needs_human_review
AASHAAS	1403	needs_human_review
DADWAYNE	1403	needs_human_review
KAMAAL	1403	needs_human_review
KEENISTA	1403	needs_human_review
MAADDADA	1403	needs_human_review
MARSIIYO	1403	needs_human_review
SHIDAY	1403	needs_human_review
KHAYRKA	1402	needs_human_review
RAADISO	1402	needs_human_review
URURADDA	1402	needs_human_review
XALAB	1402	needs_human_review
BOOSASKA	1401	needs_human_review
GII	1401	needs_human_review
LOGA	1401	needs_human_review
URURIYAY	1401	needs_human_review
WALIGII	1401	needs_human_review
FIDIYEEN	1400	needs_human_review
ROGI	1400	needs_human_review
DHIGOODA	1398	needs_human_review
GOLAHAN	1398	needs_human_review
GUMAYSI	1398	needs_human_review
HESHAA	1397	needs_human_review
SUMADDA	1397	needs_human_review
ADEEGAYA	1396	needs_human_review
DIGITAL	1396	needs_human_review
ERYEY	1396	needs_human_review
MARMARKA	1396	needs_human_review
DHIHIN	1395	needs_human_review
EMMANUEL	1395	needs_human_review
FAROLE	1395	needs_human_review
KHARTUUM	1395	needs_human_review
SANTIAGO	1395	needs_human_review
DAALAA	1394	needs_human_review
FOWSIYO	1394	needs_human_review
WAAYIN	1394	needs_human_review
ISBARBAR	1393	needs_human_review
SHAQAYNO	1393	needs_human_review
IGAMA	1392	needs_human_review
JEBIYAY	1392	needs_human_review
MASIIXA	1392	needs_human_review
MUQAALKA	1392	needs_human_review
SOMA	1392	needs_human_review
YADII	1392	needs_human_review
DHAHAA	1391	needs_human_review
DHOWRAHA	1391	needs_human_review
FACA	1391	needs_human_review
FILAYA	1391	needs_human_review
HASSE	1391	needs_human_review
HOTELADA	1391	needs_human_review
MAQAALLO	1391	needs_human_review
SAMEYNIN	1391	needs_human_review
SXB	1391	needs_human_review
KHADIIJA	1390	needs_human_review
LOGU	1390	needs_human_review
NAMA	1390	needs_human_review
UGUSOO	1390	needs_human_review
YARKA	1390	needs_human_review
AHAADEE	1389	needs_human_review
BADAY	1389	needs_human_review
DAAQADA	1389	needs_human_review
HADALKU	1389	needs_human_review
SAAMEEYA	1389	needs_human_review
MJOURNAL	1388	needs_human_review
ROME	1388	needs_human_review
KGS	1387	needs_human_review
SANA	1387	needs_human_review
SIINAY	1387	needs_human_review
ARAGTID	1386	needs_human_review
BOSSASO	1386	needs_human_review
GUMAADKA	1386	needs_human_review
AKA	1385	needs_human_review
CAANA	1385	needs_human_review
DFKM	1384	needs_human_review
FOOTBALL	1384	needs_human_review
KUJIRAAN	1384	needs_human_review
QARSHE	1384	needs_human_review
RIYAAD	1384	needs_human_review
YEERAAN	1384	needs_human_review
DEGREE	1383	needs_human_review
GUDANAYA	1383	needs_human_review
MOODAY	1383	needs_human_review
MOROCCO	1383	needs_human_review
CAARRE	1382	needs_human_review
CADA	1382	needs_human_review
GIRIIGA	1382	needs_human_review
TERRY	1382	needs_human_review
CARARAYA	1381	needs_human_review
DHALAAN	1381	needs_human_review
GABEEYO	1381	needs_human_review
QAADAYSA	1381	needs_human_review
QASBAN	1381	needs_human_review
VIRUS	1380	needs_human_review
DUQII	1379	needs_human_review
FARXIYO	1379	needs_human_review
HIS	1379	needs_human_review
XABADA	1379	needs_human_review
HOOSAAD	1378	needs_human_review
QAARKEED	1378	needs_human_review
CAWKE	1377	needs_human_review
DHAMAN	1376	needs_human_review
SEEGAY	1376	needs_human_review
GABAYADA	1375	needs_human_review
HOYDAY	1375	needs_human_review
LASIIYO	1374	needs_human_review
NAFTEEDA	1374	needs_human_review
XIREENKA	1374	needs_human_review
DAADADKA	1373	needs_human_review
BUUXISO	1372	needs_human_review
GALADA	1372	needs_human_review
HORGEYN	1372	needs_human_review
MEERAHA	1372	needs_human_review
SAARIDDA	1372	needs_human_review
WADAAGIN	1372	needs_human_review
IMINKANA	1371	needs_human_review
KOOBABKA	1371	needs_human_review
XUMAATAY	1371	needs_human_review
BARTAA	1370	needs_human_review
DADKIINA	1370	needs_human_review
DHUUMAHA	1370	needs_human_review
TELECOM	1370	needs_human_review
FRANK	1369	needs_human_review
KORDHO	1369	needs_human_review
OODA	1369	needs_human_review
DAGGAN	1368	needs_human_review
DHIIRAN	1368	needs_human_review
MIDOOBO	1368	needs_human_review
WELIGII	1368	needs_human_review
CADADKA	1367	needs_human_review
DUCAALLE	1367	needs_human_review
RIYAAQAY	1367	needs_human_review
CONTROL	1366	needs_human_review
KNN	1366	needs_human_review
DAMBEYS	1365	needs_human_review
BADALIN	1364	needs_human_review
WARKIISA	1364	needs_human_review
AFTIDA	1363	needs_human_review
DHAGARTA	1363	needs_human_review
SAVE	1363	needs_human_review
ADHI	1362	needs_human_review
ARRINKAA	1362	needs_human_review
FAAFIYO	1362	needs_human_review
CRYSTAL	1361	needs_human_review
DAHAARKA	1361	needs_human_review
XAYLE	1360	needs_human_review
XERYO	1360	needs_human_review
CARADA	1359	needs_human_review
BEN	1358	needs_human_review
DHEERNA	1358	needs_human_review
HOBYONET	1358	needs_human_review
GALLAY	1357	needs_human_review
NAQAYAA	1357	needs_human_review
DOWLADD	1356	needs_human_review
HALOO	1356	needs_human_review
MABAADII	1356	needs_human_review
SINAANTA	1356	needs_human_review
ASAGU	1355	needs_human_review
KALANE	1355	needs_human_review
ABOVE	1354	needs_human_review
BIXINO	1354	needs_human_review
KICIYO	1354	needs_human_review
ISGA	1353	needs_human_review
OGOLAATO	1353	needs_human_review
AYADOONA	1352	needs_human_review
QADADA	1352	needs_human_review
DENBI	1351	needs_human_review
GURYIHII	1351	needs_human_review
ADOON	1350	needs_human_review
CADDEYMO	1350	needs_human_review
DAANTA	1350	needs_human_review
GNN	1350	needs_human_review
CAGJAR	1349	needs_human_review
TIMAADAA	1349	needs_human_review
AMARO	1348	needs_human_review
BAAHATO	1348	needs_human_review
FOGAATO	1348	needs_human_review
IYADDA	1348	needs_human_review
MAYD	1348	needs_human_review
TAABTAAN	1348	needs_human_review
USAID	1348	needs_human_review
BAXDAA	1347	needs_human_review
BOOSASO	1347	needs_human_review
KOOBNA	1347	needs_human_review
ANAGAA	1346	needs_human_review
MMUSA	1346	needs_human_review
RITAY	1346	needs_human_review
BANANA	1345	needs_human_review
GAABISAY	1345	needs_human_review
QAABIYEY	1345	needs_human_review
TEXAS	1345	needs_human_review
DUQAYN	1344	needs_human_review
KENYAAN	1344	needs_human_review
COUNTRY	1343	needs_human_review
DOLAR	1343	needs_human_review
MADASHU	1343	needs_human_review
NAQAY	1342	needs_human_review
INTO	1341	needs_human_review
TAABIT	1341	needs_human_review
TAAGAAN	1341	needs_human_review
AASHAN	1340	needs_human_review
DEYMAHA	1340	needs_human_review
INAANNU	1340	needs_human_review
QOLKII	1340	needs_human_review
SANADKU	1340	needs_human_review
GABAYGII	1339	needs_human_review
NATIONS	1339	needs_human_review
WALBOO	1338	needs_human_review
GAALADU	1337	needs_human_review
GOBANIMO	1337	needs_human_review
LAHEEN	1337	needs_human_review
SANAHAY	1337	needs_human_review
HALKAANA	1335	needs_human_review
ARAGTEEN	1334	needs_human_review
DADKIISU	1334	needs_human_review
DEAL	1333	needs_human_review
MAAMULAY	1333	needs_human_review
ARAGA	1332	needs_human_review
BADIYAA	1332	needs_human_review
CANFARTA	1332	needs_human_review
DAYSAY	1332	needs_human_review
ISUTAGA	1332	needs_human_review
LAALAY	1332	needs_human_review
AAMISAY	1331	needs_human_review
AAMUSAN	1331	needs_human_review
ANWAR	1331	needs_human_review
DHAQANKU	1331	needs_human_review
GAADHAYO	1331	needs_human_review
UJEEDADU	1331	needs_human_review
BEDELAAN	1330	needs_human_review
DOODII	1330	needs_human_review
GALAYSO	1330	needs_human_review
HENRY	1330	needs_human_review
MAXMUUD	1330	needs_human_review
CALASOW	1329	needs_human_review
ILKACASE	1329	needs_human_review
MIDAAS	1329	needs_human_review
SAADIQ	1329	needs_human_review
SHAACIYO	1329	needs_human_review
TAKRI	1329	needs_human_review
TUURTAY	1329	needs_human_review
BISHAAR	1328	needs_human_review
DHANA	1328	needs_human_review
KASBADAY	1328	needs_human_review
MEEYADII	1328	needs_human_review
CARE	1327	needs_human_review
GUNNADA	1327	needs_human_review
QAADEYSO	1327	needs_human_review
GUURKU	1326	needs_human_review
KUYAAL	1326	needs_human_review
WALWALKA	1326	needs_human_review
XERAALE	1326	needs_human_review
DHIBKII	1325	needs_human_review
HOOBA	1325	needs_human_review
TEBORG	1325	needs_human_review
TUKAN	1325	needs_human_review
XERADII	1325	needs_human_review
KOORSADA	1324	needs_human_review
SADAY	1324	needs_human_review
WALAAHI	1324	needs_human_review
DHAGAN	1323	needs_human_review
GUDBA	1322	needs_human_review
HAGA	1322	needs_human_review
KAALA	1322	needs_human_review
MALEH	1322	needs_human_review
BATO	1320	needs_human_review
JABIYO	1320	needs_human_review
XIGANAY	1320	needs_human_review
YABOOHAY	1320	needs_human_review
ARRIMIYO	1319	needs_human_review
BOOK	1319	needs_human_review
KALIGOOD	1319	needs_human_review
SISI	1319	needs_human_review
FOGEEYAY	1318	needs_human_review
ILEYHI	1318	needs_human_review
KHUSEYSO	1318	needs_human_review
BILAYSKU	1317	needs_human_review
WEYNAYD	1317	needs_human_review
AAYADAHA	1316	needs_human_review
JAM	1316	needs_human_review
QANYARE	1316	needs_human_review
QUDHIISA	1316	needs_human_review
JABEEN	1315	needs_human_review
OGAANAYO	1315	needs_human_review
QADAY	1315	needs_human_review
AYBA	1314	needs_human_review
MAREENKA	1314	needs_human_review
QABI	1314	needs_human_review
FARATOON	1312	needs_human_review
HAAYADA	1312	needs_human_review
HAMI	1312	needs_human_review
JABIYEEN	1312	needs_human_review
MAGCAABO	1312	needs_human_review
QODAY	1312	needs_human_review
ANAY	1311	needs_human_review
CAADIYAN	1311	needs_human_review
DUMARKII	1311	needs_human_review
GOOBTAN	1311	needs_human_review
SAWIRKAN	1311	needs_human_review
TASHIYO	1311	needs_human_review
WADDADII	1311	needs_human_review
HEELAN	1310	needs_human_review
HORTEGI	1310	needs_human_review
RICHARD	1310	needs_human_review
GASHAA	1309	needs_human_review
MAMNUUCO	1309	needs_human_review
WARIYAAL	1309	needs_human_review
WAXANAN	1309	needs_human_review
AANTII	1308	needs_human_review
ACTIVIST	1308	needs_human_review
DAMBEYSO	1308	needs_human_review
HUTEEL	1307	needs_human_review
HAYSANAA	1306	needs_human_review
HEESTAN	1306	needs_human_review
MATALO	1306	needs_human_review
AQBASHO	1305	needs_human_review
HALMAR	1305	needs_human_review
ICAO	1305	needs_human_review
JUAN	1305	needs_human_review
KARIM	1305	needs_human_review
KHEYRAAD	1305	needs_human_review
SEEGI	1305	needs_human_review
FIIRISO	1303	needs_human_review
IMAADAY	1303	needs_human_review
SIMBA	1303	needs_human_review
YARAATO	1303	needs_human_review
DHASHAAN	1302	needs_human_review
IMANAYAA	1302	needs_human_review
RUNTI	1302	needs_human_review
GAARRIYE	1301	needs_human_review
IDHAAHDO	1301	needs_human_review
MACALIM	1301	needs_human_review
QAFAASHO	1301	needs_human_review
KAMAY	1300	needs_human_review
LILAAHI	1300	needs_human_review
QABATA	1300	needs_human_review
BASHIR	1299	needs_human_review
DAACADA	1299	needs_human_review
KURSIGAN	1299	needs_human_review
MODRIC	1299	needs_human_review
ODOYAAL	1299	needs_human_review
CODAYNTA	1298	needs_human_review
ILAAHEEY	1298	needs_human_review
AKBAR	1297	needs_human_review
BAXYADA	1297	needs_human_review
IIBINAYO	1297	needs_human_review
KHATUMO	1297	needs_human_review
ASTEEYAY	1296	needs_human_review
MOWDUUCA	1296	needs_human_review
QABIILKU	1296	needs_human_review
SHUBTAY	1296	needs_human_review
WERIYEY	1296	needs_human_review
CHARLES	1295	needs_human_review
DALBADO	1295	needs_human_review
DARIDA	1295	needs_human_review
GELINKA	1295	needs_human_review
JEEXOOW	1295	needs_human_review
BAARAYO	1294	needs_human_review
BERLIN	1294	needs_human_review
MACNA	1294	needs_human_review
MALL	1294	needs_human_review
CADAANI	1293	needs_human_review
CADMEED	1293	needs_human_review
WIILKAAS	1293	needs_human_review
BEGAN	1292	needs_human_review
JEBINTA	1292	needs_human_review
QAARKIIS	1292	needs_human_review
WELWELKA	1292	needs_human_review
CAABINTA	1291	needs_human_review
BARAKACA	1290	needs_human_review
AMAANKU	1289	needs_human_review
GOAL	1289	needs_human_review
DUUBABKA	1288	needs_human_review
JANADA	1288	needs_human_review
MOQOKORI	1288	needs_human_review
QUBANAHA	1288	needs_human_review
RUNTU	1288	needs_human_review
THANKS	1288	needs_human_review
BAJAAJ	1287	needs_human_review
CADAMI	1287	needs_human_review
DILAYO	1287	needs_human_review
SAWIRAY	1287	needs_human_review
URURRO	1287	needs_human_review
BARRIGA	1285	needs_human_review
FILE	1285	needs_human_review
ILLAHAY	1284	needs_human_review
CHILDREN	1283	needs_human_review
DHIIGLE	1283	needs_human_review
GREEN	1283	needs_human_review
KARKA	1283	needs_human_review
QARXIYO	1283	needs_human_review
HUBEESAN	1282	needs_human_review
NAGULA	1282	needs_human_review
TIRADDA	1282	needs_human_review
DHAMMI	1281	needs_human_review
SET	1281	needs_human_review
DAADINTA	1280	needs_human_review
DIREYNAA	1280	needs_human_review
KULAMMO	1280	needs_human_review
SADEXDII	1280	needs_human_review
ARJIGA	1279	needs_human_review
BARISTA	1279	needs_human_review
DAGTAY	1279	needs_human_review
XULAYO	1279	needs_human_review
DHAWRO	1278	needs_human_review
MAYDADKA	1278	needs_human_review
OSAMA	1278	needs_human_review
TAALADA	1278	needs_human_review
TAALLAY	1278	needs_human_review
WEEDHSAN	1278	needs_human_review
WADAAGTA	1277	needs_human_review
XAQQA	1277	needs_human_review
XIRIN	1277	needs_human_review
ASNA	1276	needs_human_review
SALAD	1275	needs_human_review
DANTIISA	1274	needs_human_review
QEEYB	1274	needs_human_review
RIDEY	1274	needs_human_review
SEEXDAY	1274	needs_human_review
YARAYNTA	1274	needs_human_review
CAFISKA	1273	needs_human_review
CALANKII	1273	needs_human_review
IGULA	1273	needs_human_review
OGAADAA	1273	needs_human_review
RIO	1273	needs_human_review
WEELKA	1273	needs_human_review
ADKEYD	1272	needs_human_review
AMAANO	1272	needs_human_review
BILOOYIN	1272	needs_human_review
MAAYIRKA	1272	needs_human_review
NACEYB	1272	needs_human_review
SHEGEEN	1272	needs_human_review
DAREESKA	1271	needs_human_review
MAYO	1271	needs_human_review
SUUQII	1271	needs_human_review
CAYIMAY	1270	needs_human_review
DESIGN	1270	needs_human_review
EEGAYAA	1270	needs_human_review
LABISKA	1270	needs_human_review
MUDULOOD	1270	needs_human_review
SAALIM	1270	needs_human_review
AAYADO	1269	needs_human_review
BOGGIISA	1269	needs_human_review
GALEYSA	1268	needs_human_review
STREET	1268	needs_human_review
HADIYADO	1267	needs_human_review
HAYSANIN	1266	needs_human_review
LUMISAY	1266	needs_human_review
YAY	1266	needs_human_review
BOORAR	1265	needs_human_review
BURAALE	1265	needs_human_review
HEYB	1265	needs_human_review
SAXA	1265	needs_human_review
DATA	1263	needs_human_review
HADLAYSO	1263	needs_human_review
HOREYNA	1263	needs_human_review
VIA	1263	needs_human_review
AANKU	1262	needs_human_review
AJAX	1262	needs_human_review
HALEYN	1262	needs_human_review
TAHAYBA	1262	needs_human_review
YARAADO	1262	needs_human_review
CODSADEY	1261	needs_human_review
LAHEED	1261	needs_human_review
OGAAYEEN	1261	needs_human_review
SIDIISA	1261	needs_human_review
ABUURA	1260	needs_human_review
DAREEMAA	1260	needs_human_review
EEDEYSAN	1260	needs_human_review
HADDAANU	1260	needs_human_review
KYLIAN	1260	needs_human_review
CARD	1259	needs_human_review
WAAYANA	1259	needs_human_review
FIDAY	1258	needs_human_review
HOOYAY	1258	needs_human_review
QIYAMKA	1258	needs_human_review
DHINACNA	1257	needs_human_review
DHISMEED	1256	needs_human_review
OYSU	1256	needs_human_review
GUDOOMAY	1255	needs_human_review
YUUSAN	1255	needs_human_review
AFURKA	1254	needs_human_review
BAARKA	1254	needs_human_review
ISLAMKA	1254	needs_human_review
QASKA	1254	needs_human_review
SAGAALKA	1254	needs_human_review
XUNTAHAY	1254	needs_human_review
ZAAD	1254	needs_human_review
DIFAACDO	1253	needs_human_review
SMART	1253	needs_human_review
DHOOBAY	1252	needs_human_review
FASAXO	1252	needs_human_review
IYAY	1252	needs_human_review
MAJARAHA	1252	needs_human_review
AAGAGGA	1251	needs_human_review
CAYNABA	1251	needs_human_review
HORTAGTO	1251	needs_human_review
SUL	1251	needs_human_review
CIDAMADA	1250	needs_human_review
NUUCAAN	1250	needs_human_review
SIIDII	1250	needs_human_review
TAAGTAY	1250	needs_human_review
BARAAN	1249	needs_human_review
BARANAY	1249	needs_human_review
DHABARTA	1249	needs_human_review
ISKIIS	1249	needs_human_review
XILKAAN	1249	needs_human_review
BAXAAYA	1248	needs_human_review
BUUXO	1248	needs_human_review
CAAMKA	1248	needs_human_review
DALADA	1248	needs_human_review
HORKEENI	1248	needs_human_review
MRS	1248	needs_human_review
AADAYO	1247	needs_human_review
INTAANU	1247	needs_human_review
LAAKINSE	1247	needs_human_review
RER	1247	needs_human_review
XAASKII	1246	needs_human_review
HAYSAAN	1245	needs_human_review
LUKAKU	1245	needs_human_review
SAHLI	1245	needs_human_review
SIINAYSA	1245	needs_human_review
XAYIRNAA	1245	needs_human_review
GARIIRKA	1243	needs_human_review
DHEGAN	1242	needs_human_review
HOW	1242	needs_human_review
ICTISAAM	1242	needs_human_review
JAHLIGA	1242	needs_human_review
SAACADU	1242	needs_human_review
ZINEDINE	1242	needs_human_review
BAAQAN	1241	needs_human_review
FILM	1241	needs_human_review
QARNIYO	1241	needs_human_review
WICI	1241	needs_human_review
DABAASHA	1240	needs_human_review
HOREESAY	1240	needs_human_review
MUSLINKA	1240	needs_human_review
RAJEEYEY	1240	needs_human_review
DEBEDA	1239	needs_human_review
INDHEER	1239	needs_human_review
DHAWOOW	1238	needs_human_review
DHEXEYSO	1238	needs_human_review
IDADA	1238	needs_human_review
ILAYHI	1238	needs_human_review
LAPTOP	1238	needs_human_review
RAADSADO	1238	needs_human_review
WAAA	1238	needs_human_review
YAASIN	1238	needs_human_review
BENJAMIN	1237	needs_human_review
CAYNKAAS	1237	needs_human_review
EUROS	1237	needs_human_review
MAXAMMED	1237	needs_human_review
YEELANO	1237	needs_human_review
COUNCIL	1236	needs_human_review
SIFOOYIN	1236	needs_human_review
BAXEY	1235	needs_human_review
FIISAHA	1235	needs_human_review
GAADHNAY	1235	needs_human_review
HALGAMAY	1235	needs_human_review
HAWLEED	1235	needs_human_review
AALLO	1234	needs_human_review
DHAARTA	1234	needs_human_review
QABATAA	1234	needs_human_review
YOWERI	1234	needs_human_review
BAQAYA	1233	needs_human_review
DHISIN	1233	needs_human_review
GELAYO	1233	needs_human_review
INTI	1233	needs_human_review
ASTON	1232	needs_human_review
DEEDA	1232	needs_human_review
DILKU	1232	needs_human_review
JAANIS	1232	needs_human_review
XARDHAY	1232	needs_human_review
HAAYEEN	1231	needs_human_review
PHP	1231	needs_human_review
TIRSANI	1231	needs_human_review
XARAFKA	1231	needs_human_review
ANAGANA	1230	needs_human_review
GARDAFUU	1230	needs_human_review
HADLAYNO	1230	needs_human_review
HANTA	1230	needs_human_review
JEELLE	1230	needs_human_review
MUSA	1230	needs_human_review
DOODAYAY	1229	needs_human_review
DUULAYO	1229	needs_human_review
EEDEYEY	1229	needs_human_review
KOOXA	1229	needs_human_review
PUTLAND	1229	needs_human_review
CHAMPION	1228	needs_human_review
DAALAY	1228	needs_human_review
DAYDA	1228	needs_human_review
GOOYEY	1228	needs_human_review
IDEYSAN	1228	needs_human_review
XABO	1228	needs_human_review
XIDIDADA	1228	needs_human_review
HOWGALKA	1227	needs_human_review
OGAATID	1227	needs_human_review
WADADAN	1227	needs_human_review
CUNADA	1226	needs_human_review
IISOO	1226	needs_human_review
JUGTA	1226	needs_human_review
RAGGAAS	1226	needs_human_review
AQOONTII	1225	needs_human_review
BIIRAYA	1225	needs_human_review
GARAACO	1225	needs_human_review
AYU	1224	needs_human_review
PHILIPPE	1224	needs_human_review
ROYAL	1224	needs_human_review
BAAQYO	1223	needs_human_review
FILISH	1223	needs_human_review
HORAYSO	1223	needs_human_review
CABBO	1222	needs_human_review
GANAAXAY	1222	needs_human_review
NOOR	1222	needs_human_review
OTTAWA	1222	needs_human_review
UTD	1222	needs_human_review
WHITE	1222	needs_human_review
XUSHO	1222	needs_human_review
BROWN	1221	needs_human_review
BURIYAY	1221	needs_human_review
DHIBANE	1221	needs_human_review
GABEEYEY	1221	needs_human_review
QABOWGA	1221	needs_human_review
XADHKAHA	1221	needs_human_review
RAJA	1220	needs_human_review
WAADNA	1220	needs_human_review
BAXSATAY	1218	needs_human_review
HALYEEY	1218	needs_human_review
SAMAYSA	1218	needs_human_review
TACAALI	1218	needs_human_review
WEHELIYA	1218	needs_human_review
WEXEY	1218	needs_human_review
ADD	1217	needs_human_review
BIIRTO	1217	needs_human_review
DOONANA	1217	needs_human_review
JEBISAY	1217	needs_human_review
LUGTII	1217	needs_human_review
PIERRE	1217	needs_human_review
BILAABEY	1216	needs_human_review
REQUIRED	1216	needs_human_review
WAAYOO	1216	needs_human_review
MORATA	1214	needs_human_review
WAAYADII	1214	needs_human_review
XUDUNTA	1214	needs_human_review
AANNO	1213	needs_human_review
BARROW	1213	needs_human_review
BEEGNEYD	1213	needs_human_review
SAARNAYD	1213	needs_human_review
TEHRAN	1213	needs_human_review
DHUFTO	1212	needs_human_review
DNA	1212	needs_human_review
FILIMKII	1212	needs_human_review
HAWADDA	1212	needs_human_review
INTUUSAN	1212	needs_human_review
DAMBEYAY	1211	needs_human_review
DEEQEEN	1211	needs_human_review
NOOCAASI	1211	needs_human_review
PEREZ	1211	needs_human_review
TUNKA	1211	needs_human_review
JOOGTAAN	1210	needs_human_review
INJI	1209	needs_human_review
KOONTADA	1209	needs_human_review
XUKUMAAN	1209	needs_human_review
BADATO	1208	needs_human_review
DADYOW	1208	needs_human_review
FAALO	1208	needs_human_review
MAARAYN	1208	needs_human_review
WARAMAYO	1208	needs_human_review
GALAYR	1207	needs_human_review
KAYSE	1207	needs_human_review
LIBAAXA	1207	needs_human_review
MALEEGAY	1207	needs_human_review
YIQIIN	1206	needs_human_review
YOUTH	1206	needs_human_review
DHAAFA	1205	needs_human_review
LAYLA	1205	needs_human_review
PRIME	1205	needs_human_review
QUDAARTA	1205	needs_human_review
SAARE	1205	needs_human_review
STERLING	1205	needs_human_review
DONAAN	1204	needs_human_review
IPAD	1204	needs_human_review
JAMAAME	1204	needs_human_review
MOHAMOUD	1204	needs_human_review
XARUMOOD	1204	needs_human_review
YABAA	1204	needs_human_review
BADANINA	1203	needs_human_review
MANE	1203	needs_human_review
MASKAXDU	1203	needs_human_review
SERBIA	1203	needs_human_review
XALALKA	1203	needs_human_review
AHEE	1202	needs_human_review
AHAAY	1201	needs_human_review
ILAAHOW	1201	needs_human_review
MAALINLE	1201	needs_human_review
ARKAYN	1200	needs_human_review
DEMISKA	1200	needs_human_review
FADHIYIN	1200	needs_human_review
NINKAAGA	1200	needs_human_review
QOYSKU	1200	needs_human_review
ARDAYDAN	1199	needs_human_review
FIICNEYN	1199	needs_human_review
JARMALKU	1199	needs_human_review
LOOGAMA	1199	needs_human_review
NIMANKAN	1199	needs_human_review
ADKEYN	1198	needs_human_review
AMIIRKII	1198	needs_human_review
DARAYO	1198	needs_human_review
DEJISAN	1197	needs_human_review
IIMAYLKA	1197	needs_human_review
NOOLAYD	1197	needs_human_review
XUMA	1197	needs_human_review
AYANA	1196	needs_human_review
STORE	1196	needs_human_review
BANKA	1195	needs_human_review
GUUXA	1195	needs_human_review
JUHDI	1195	needs_human_review
HADAN	1194	needs_human_review
HISHIIS	1194	needs_human_review
QORRAXDU	1194	needs_human_review
XIDHAYSO	1194	needs_human_review
GUDDIDII	1193	needs_human_review
JIIDAHA	1193	needs_human_review
QEYBGALI	1193	needs_human_review
XAGLO	1193	needs_human_review
AWGIIS	1192	needs_human_review
DHABAHA	1192	needs_human_review
KICIYEY	1192	needs_human_review
WARAAQDA	1192	needs_human_review
AIRLINE	1190	needs_human_review
CABDULE	1190	needs_human_review
WAJAHNAA	1190	needs_human_review
WHAT	1190	needs_human_review
BADALEEN	1189	needs_human_review
HORMARAY	1189	needs_human_review
WELCOME	1189	needs_human_review
AGOOMAHA	1188	needs_human_review
CODE	1188	needs_human_review
CODSATO	1188	needs_human_review
DHISAAYO	1188	needs_human_review
GABOOBE	1188	needs_human_review
TUURAAN	1188	needs_human_review
AANNAY	1187	needs_human_review
GOLLE	1187	needs_human_review
DALOOLA	1186	needs_human_review
DHEHEEN	1186	needs_human_review
FARAQA	1186	needs_human_review
GEEYA	1186	needs_human_review
SIDEEDII	1186	needs_human_review
LIBERIA	1185	needs_human_review
POUND	1185	needs_human_review
DUSHEEDA	1184	needs_human_review
GAARIGAN	1184	needs_human_review
GIDAARKA	1184	needs_human_review
MAXAYSE	1184	needs_human_review
FOCUS	1183	needs_human_review
HAKISAY	1183	needs_human_review
JIITO	1183	needs_human_review
ABAAREED	1182	needs_human_review
DIYEESHE	1182	needs_human_review
ENRIQUE	1182	needs_human_review
GUDOON	1182	needs_human_review
BILOWNAY	1181	needs_human_review
BOOSKII	1181	needs_human_review
DHIGTEY	1181	needs_human_review
DUDUWAN	1181	needs_human_review
JACFAR	1181	needs_human_review
QEYBGALO	1181	needs_human_review
CELINAYA	1180	needs_human_review
CUDURKU	1180	needs_human_review
THAABIT	1180	needs_human_review
ANDREW	1179	needs_human_review
CASHARKA	1179	needs_human_review
DAREERE	1179	needs_human_review
DOODAYO	1179	needs_human_review
MOODADA	1179	needs_human_review
SCOTLAND	1179	needs_human_review
WEFTIGAN	1179	needs_human_review
XAQIIQA	1179	needs_human_review
BALLAMAY	1178	needs_human_review
CALUULA	1178	needs_human_review
KEENAYAA	1178	needs_human_review
CASAANKA	1177	needs_human_review
CISMAN	1177	needs_human_review
DIGNIINO	1177	needs_human_review
FASO	1177	needs_human_review
LAS	1177	needs_human_review
DAYRTA	1176	needs_human_review
ILOOBIN	1176	needs_human_review
KUFAARTA	1176	needs_human_review
ETIHAD	1175	needs_human_review
ITS	1175	needs_human_review
NACEYBKA	1175	needs_human_review
QORAYA	1175	needs_human_review
WAAXAHA	1175	needs_human_review
WAREEGIN	1175	needs_human_review
XAQOODA	1175	needs_human_review
XULAAN	1175	needs_human_review
AAKHIRKA	1174	needs_human_review
AMARADA	1174	needs_human_review
DABKAASI	1174	needs_human_review
HAGAHA	1174	needs_human_review
HORAA	1174	needs_human_review
SAFRO	1174	needs_human_review
AADMIGA	1173	needs_human_review
GANTAALO	1173	needs_human_review
ILEYN	1173	needs_human_review
KAASH	1173	needs_human_review
QIIMIHII	1173	needs_human_review
VIETNAM	1173	needs_human_review
WEHELIYO	1172	needs_human_review
AAMIYO	1171	needs_human_review
ADKEYSAN	1171	needs_human_review
BAAHAY	1171	needs_human_review
TANA	1171	needs_human_review
IMANAYO	1170	needs_human_review
MARAYSAY	1170	needs_human_review
STEVEN	1170	needs_human_review
WARIYEY	1170	needs_human_review
DHAQAMO	1169	needs_human_review
GABDHUHU	1169	needs_human_review
SHACBIGU	1169	needs_human_review
VIDEOS	1169	needs_human_review
YAASE	1169	needs_human_review
YEEDHI	1169	needs_human_review
BAXAYEEN	1168	needs_human_review
DHIMAYA	1168	needs_human_review
ARKAYAAN	1167	needs_human_review
HADDAYNU	1167	needs_human_review
IFBAXAY	1167	needs_human_review
RAI	1167	needs_human_review
BEEGSAN	1166	needs_human_review
FIKIRAAN	1166	needs_human_review
GAAFOW	1166	needs_human_review
KUTUBTA	1166	needs_human_review
HEYNIN	1165	needs_human_review
JAMAACA	1165	needs_human_review
YIIL	1165	needs_human_review
BURCADA	1164	needs_human_review
HEYSTEEN	1164	needs_human_review
KACSIGA	1164	needs_human_review
MUXUDIIN	1164	needs_human_review
SAXAFIGA	1164	needs_human_review
DHISA	1163	needs_human_review
JECLAADO	1163	needs_human_review
SOORANKA	1163	needs_human_review
BASRA	1162	needs_human_review
GALBIYAY	1162	needs_human_review
SHAH	1162	needs_human_review
ALLOOW	1161	needs_human_review
COLDOON	1161	needs_human_review
GREAT	1161	needs_human_review
KASOCDAY	1161	needs_human_review
WAREED	1161	needs_human_review
CABAAN	1160	needs_human_review
CODEEYO	1160	needs_human_review
GEA	1160	needs_human_review
HOLAND	1160	needs_human_review
WAJIYO	1160	needs_human_review
WAXAANUU	1160	needs_human_review
XEELADO	1160	needs_human_review
DOONNA	1159	needs_human_review
MADASHII	1159	needs_human_review
SARRIFKA	1159	needs_human_review
SHIIKHU	1159	needs_human_review
TASHATO	1159	needs_human_review
ISFAHAN	1158	needs_human_review
MONEY	1158	needs_human_review
UKUNTA	1158	needs_human_review
AGABKII	1157	needs_human_review
DANTU	1156	needs_human_review
DEEDII	1156	needs_human_review
KIIMIKO	1156	needs_human_review
LIITO	1156	needs_human_review
SAARNEYD	1156	needs_human_review
ADEEGAN	1155	needs_human_review
BAAJIYAY	1155	needs_human_review
ILMIHII	1155	needs_human_review
MARINO	1155	needs_human_review
QEYBIN	1155	needs_human_review
QUMAN	1155	needs_human_review
SCIENCE	1155	needs_human_review
SSDF	1155	needs_human_review
TAAGGA	1155	needs_human_review
IMMIKA	1154	needs_human_review
BADQABKA	1153	needs_human_review
DHISEY	1153	needs_human_review
DUUBNI	1153	needs_human_review
HELLO	1153	needs_human_review
JIRKU	1153	needs_human_review
XABAGTA	1153	needs_human_review
YADDA	1153	needs_human_review
ACID	1152	needs_human_review
BIRO	1152	needs_human_review
REERO	1152	needs_human_review
MEYDAD	1151	needs_human_review
OONA	1151	needs_human_review
QASBI	1151	needs_human_review
CADAA	1150	needs_human_review
KACBADA	1150	needs_human_review
ZAKARIYA	1150	needs_human_review
DHANBA	1149	needs_human_review
EHELLADA	1149	needs_human_review
SAM	1149	needs_human_review
BIXINAA	1148	needs_human_review
KEENAYSO	1148	needs_human_review
MAANDEEQ	1148	needs_human_review
RAIISAL	1148	needs_human_review
VIRGINIA	1148	needs_human_review
WAAGU	1148	needs_human_review
DEYNIILE	1147	needs_human_review
JUST	1147	needs_human_review
PERSIE	1147	needs_human_review
RAGAN	1147	needs_human_review
DABEYSHA	1146	needs_human_review
DHAHAYA	1146	needs_human_review
ILAALIYE	1146	needs_human_review
SIBIDHKA	1146	needs_human_review
FIDINAYO	1145	needs_human_review
ISTISH	1145	needs_human_review
SOOCA	1145	needs_human_review
TAGAYAA	1145	needs_human_review
AHAATABA	1144	needs_human_review
GUDIGGA	1144	needs_human_review
KACAYAAN	1144	needs_human_review
MIYEY	1144	needs_human_review
OOLIN	1144	needs_human_review
XARAMKA	1144	needs_human_review
AANADII	1143	needs_human_review
ISGU	1143	needs_human_review
MEELA	1143	needs_human_review
OLOLAHAN	1143	needs_human_review
QORAX	1143	needs_human_review
YARYAHAY	1143	needs_human_review
GUDUHU	1142	needs_human_review
HOOYEEN	1142	needs_human_review
LAYGA	1142	needs_human_review
QABSADA	1142	needs_human_review
ANY	1141	needs_human_review
BEDDELIN	1141	needs_human_review
BILL	1141	needs_human_review
UUNAN	1141	needs_human_review
AAMIYEEN	1140	needs_human_review
JIRSADAY	1140	needs_human_review
KENYANKA	1140	needs_human_review
NIGER	1140	needs_human_review
QORAYAA	1140	needs_human_review
WAYSAY	1140	needs_human_review
INNAGOO	1139	needs_human_review
ISI	1139	needs_human_review
NOQOTAAN	1139	needs_human_review
QAYBSADO	1139	needs_human_review
QIREEN	1139	needs_human_review
VITAMIN	1139	needs_human_review
XIISE	1139	needs_human_review
YEESHAA	1139	needs_human_review
AFGAMBI	1138	needs_human_review
AVV	1138	needs_human_review
DAWEYNTA	1138	needs_human_review
DIRAA	1138	needs_human_review
WARQADII	1138	needs_human_review
BILAAL	1137	needs_human_review
DAACADDA	1137	needs_human_review
GUDBIYA	1137	needs_human_review
KUMANA	1137	needs_human_review
MASHA	1137	needs_human_review
SAHASHAY	1137	needs_human_review
AALOOD	1136	needs_human_review
ILAALINO	1136	needs_human_review
MAKU	1136	needs_human_review
XUNAHAY	1136	needs_human_review
DHEERAYD	1135	needs_human_review
DUULO	1135	needs_human_review
MARYAM	1135	needs_human_review
XADIDAN	1135	needs_human_review
XAVI	1135	needs_human_review
BISHIIBA	1134	needs_human_review
DHAWAANA	1134	needs_human_review
FAALOODO	1134	needs_human_review
GALLADA	1134	needs_human_review
BERIGII	1133	needs_human_review
KHASBAY	1133	needs_human_review
KOBCIYO	1133	needs_human_review
LAABAY	1133	needs_human_review
PVC	1133	needs_human_review
SHAKIYO	1133	needs_human_review
DOOMAHA	1132	needs_human_review
DOONIDA	1132	needs_human_review
KEVIN	1132	needs_human_review
XABADDA	1132	needs_human_review
DUULEEN	1131	needs_human_review
TAGTAA	1131	needs_human_review
CARARO	1130	needs_human_review
CUSKADAY	1130	needs_human_review
MANUEL	1130	needs_human_review
AANI	1129	needs_human_review
AMARKAN	1129	needs_human_review
JEEDADA	1129	needs_human_review
TOURE	1129	needs_human_review
UDIRAY	1129	needs_human_review
ANTHONY	1128	needs_human_review
CADAANKA	1128	needs_human_review
FARACA	1128	needs_human_review
WAREEGEY	1128	needs_human_review
LAHAY	1127	needs_human_review
OGAANNO	1127	needs_human_review
SAXEEXAN	1127	needs_human_review
XIGEENO	1127	needs_human_review
XUKUNNO	1127	needs_human_review
DIYAARNA	1126	needs_human_review
GUDDIDU	1126	needs_human_review
JABTAY	1126	needs_human_review
WAXEEYNA	1126	needs_human_review
DABAGEED	1125	needs_human_review
KAABIGA	1125	needs_human_review
PENTAGON	1125	needs_human_review
AHAAYEN	1124	needs_human_review
BITCOIN	1124	needs_human_review
DAYACAY	1124	needs_human_review
OKT	1124	needs_human_review
HAKIYEY	1123	needs_human_review
SHIDE	1123	needs_human_review
SUGNAYD	1123	needs_human_review
CIDLADA	1122	needs_human_review
NICOLAS	1122	needs_human_review
OGI	1122	needs_human_review
GOOSTEEN	1121	needs_human_review
KARINTA	1121	needs_human_review
DIRISTA	1120	needs_human_review
XATTAA	1120	needs_human_review
KUSUGNAA	1119	needs_human_review
QORANE	1119	needs_human_review
SAXANKA	1119	needs_human_review
MAQNAYN	1118	needs_human_review
DADKAAGA	1117	needs_human_review
DELHI	1117	needs_human_review
DHALISO	1117	needs_human_review
LUMIYAY	1117	needs_human_review
QANCEEN	1117	needs_human_review
ALAABAHA	1116	needs_human_review
HORRAYSA	1116	needs_human_review
IIBISAY	1116	needs_human_review
WAKHTIGU	1116	needs_human_review
ACTION	1115	needs_human_review
DEGAMADA	1115	needs_human_review
XILEEDKA	1115	needs_human_review
DHIBAN	1114	needs_human_review
FIKRADA	1114	needs_human_review
GUURAA	1114	needs_human_review
SAMAYSAA	1114	needs_human_review
SANAA	1114	needs_human_review
XILKAA	1114	needs_human_review
BEEREED	1113	needs_human_review
CAAWIYAA	1113	needs_human_review
HOWSHAAS	1112	needs_human_review
SAFIIRKU	1112	needs_human_review
SAXIIXI	1111	needs_human_review
CAAWIYE	1110	needs_human_review
CADHADA	1110	needs_human_review
CANUG	1110	needs_human_review
CODSIGII	1110	needs_human_review
FAARUUQ	1110	needs_human_review
XAALADAN	1110	needs_human_review
ARINTII	1109	needs_human_review
CIGAALOW	1109	needs_human_review
DANBEEYO	1109	needs_human_review
DEEQDAAN	1109	needs_human_review
KUJIRTO	1109	needs_human_review
XIGAAN	1109	needs_human_review
AFMEERAY	1108	needs_human_review
GEERIDU	1108	needs_human_review
HOWLANAA	1108	needs_human_review
MARCO	1108	needs_human_review
SAREYSO	1108	needs_human_review
SHUUTE	1108	needs_human_review
WARAMEEN	1108	needs_human_review
XUJEYDA	1108	needs_human_review
BILLE	1107	needs_human_review
DUUBISTA	1107	needs_human_review
XARGAHA	1107	needs_human_review
BARUURTA	1106	needs_human_review
QOSLAY	1106	needs_human_review
UMADDU	1106	needs_human_review
CAAWISA	1105	needs_human_review
DAMINTA	1105	needs_human_review
DHIGEEDA	1105	needs_human_review
FABREGAS	1105	needs_human_review
GAARTA	1105	needs_human_review
QEEXO	1105	needs_human_review
TAABA	1105	needs_human_review
CEYDIID	1104	needs_human_review
DHAAFAAN	1104	needs_human_review
PORTO	1104	needs_human_review
AMMAANTA	1103	needs_human_review
AANBA	1102	needs_human_review
DAARTA	1102	needs_human_review
DUNTA	1102	needs_human_review
GALABTII	1102	needs_human_review
JACK	1102	needs_human_review
NIDAAMYO	1102	needs_human_review
TIRTIRAY	1102	needs_human_review
TUUGADA	1102	needs_human_review
AQOONTU	1101	needs_human_review
JOOJIYA	1101	needs_human_review
MIDAYNTA	1101	needs_human_review
KARANA	1100	needs_human_review
KHALID	1100	needs_human_review
AANKOODA	1099	needs_human_review
HAMIGA	1099	needs_human_review
MAQALNAY	1099	needs_human_review
QAADATID	1098	needs_human_review
QARANKII	1098	needs_human_review
XAQUUQUL	1098	needs_human_review
KUJIRO	1097	needs_human_review
IFO	1096	needs_human_review
LIBIYA	1096	needs_human_review
SAAXADDA	1096	needs_human_review
SMN	1096	needs_human_review
XABADKA	1096	needs_human_review
DAMUL	1095	needs_human_review
DAMBANA	1094	needs_human_review
DHAWRKII	1094	needs_human_review
KEYDINTA	1094	needs_human_review
OOGE	1094	needs_human_review
SIDIIQ	1094	needs_human_review
DAMIIRKA	1093	needs_human_review
KAGANA	1093	needs_human_review
KHALIIFA	1093	needs_human_review
KHALIIL	1093	needs_human_review
QAYBGALO	1093	needs_human_review
QOYAANKA	1093	needs_human_review
QUUSAN	1093	needs_human_review
WEHLIYO	1093	needs_human_review
CALAYHI	1092	needs_human_review
ACCOUNT	1091	needs_human_review
DIRA	1091	needs_human_review
GUSKA	1091	needs_human_review
QAADANNO	1091	needs_human_review
REPORT	1091	needs_human_review
SUUFKA	1091	needs_human_review
UGASOO	1091	needs_human_review
AGA	1090	needs_human_review
BAJAAJTA	1090	needs_human_review
GERRARD	1090	needs_human_review
QORAALKU	1090	needs_human_review
YAREY	1090	needs_human_review
DADKEENU	1089	needs_human_review
DEYSAY	1089	needs_human_review
INAD	1089	needs_human_review
ISKUSOO	1089	needs_human_review
IYEY	1089	needs_human_review
SUXUFIGA	1089	needs_human_review
KICIYAY	1088	needs_human_review
MIDOWDAY	1088	needs_human_review
YAANU	1088	needs_human_review
DAAQADDA	1087	needs_human_review
FIKIRIN	1087	needs_human_review
IRAAN	1087	needs_human_review
JAWHAR	1087	needs_human_review
MEESHUU	1087	needs_human_review
PHONE	1087	needs_human_review
BUUGGU	1086	needs_human_review
FADHIDAY	1086	needs_human_review
HOOYADAA	1086	needs_human_review
SADIIQ	1086	needs_human_review
FURSADAN	1085	needs_human_review
LAFTOODA	1085	needs_human_review
TIKNIKO	1085	needs_human_review
NAASA	1084	needs_human_review
NIMCADA	1084	needs_human_review
SENATE	1084	needs_human_review
CABI	1083	needs_human_review
DUNIDDA	1083	needs_human_review
FARXEEN	1083	needs_human_review
MOODA	1083	needs_human_review
SHUBTO	1083	needs_human_review
USO	1083	needs_human_review
XALKU	1083	needs_human_review
YIILAY	1083	needs_human_review
CHAD	1082	needs_human_review
KEYDIYO	1082	needs_human_review
SAMEYAY	1082	needs_human_review
HAKABA	1081	needs_human_review
HAKAN	1081	needs_human_review
HARGEYSI	1081	needs_human_review
TODOBADA	1081	needs_human_review
XAKIIM	1081	needs_human_review
ABIIKAR	1080	needs_human_review
BULUUGA	1080	needs_human_review
DHALATEY	1080	needs_human_review
HIGH	1080	needs_human_review
JEEDKA	1080	needs_human_review
KAADH	1080	needs_human_review
YAABIYAY	1080	needs_human_review
AHOW	1079	needs_human_review
ARDAYGU	1079	needs_human_review
ARIGA	1079	needs_human_review
DAALO	1079	needs_human_review
DAMBAYS	1079	needs_human_review
IRAAHDO	1079	needs_human_review
BIXINNO	1078	needs_human_review
BOORSADA	1078	needs_human_review
DHACYADA	1078	needs_human_review
HORREYSO	1078	needs_human_review
BAQAYO	1077	needs_human_review
DAJIYEY	1077	needs_human_review
BIDIXDA	1076	needs_human_review
ERIC	1076	needs_human_review
HANKA	1076	needs_human_review
ISTAAGIN	1076	needs_human_review
KUMAAN	1076	needs_human_review
MUQADAS	1076	needs_human_review
OGAATAAN	1076	needs_human_review
QARJAB	1076	needs_human_review
SIMAD	1076	needs_human_review
WAHAAB	1076	needs_human_review
YEELAAN	1076	needs_human_review
DAYNAY	1075	needs_human_review
JIJIGA	1075	needs_human_review
NIDHI	1075	needs_human_review
TIIYOO	1075	needs_human_review
BAXSHAY	1074	needs_human_review
DHAXLI	1074	needs_human_review
FIICNA	1074	needs_human_review
GUARDIAN	1074	needs_human_review
SAMEYEEN	1074	needs_human_review
JABSADAY	1073	needs_human_review
TUSAYSAA	1073	needs_human_review
BATAAN	1072	needs_human_review
DHEJIYO	1072	needs_human_review
HELAYN	1072	needs_human_review
MAHADII	1072	needs_human_review
MARINAYO	1072	needs_human_review
TIMIRTA	1072	needs_human_review
XOOGLEH	1072	needs_human_review
AWGII	1071	needs_human_review
HELNAA	1071	needs_human_review
SIXIRKA	1071	needs_human_review
BUKA	1070	needs_human_review
DHAQMIN	1070	needs_human_review
FAALOODA	1070	needs_human_review
GACANTII	1069	needs_human_review
MAHAN	1069	needs_human_review
TIRISKA	1069	needs_human_review
SABABOOD	1068	needs_human_review
TIXGALIN	1068	needs_human_review
YARAHA	1068	needs_human_review
AANKEEDA	1067	needs_human_review
ABUURMAY	1067	needs_human_review
DHAQDO	1067	needs_human_review
QUDUUS	1067	needs_human_review
TRUST	1067	needs_human_review
BILAW	1066	needs_human_review
MAHAMED	1066	needs_human_review
RESEARCH	1066	needs_human_review
SDWO	1066	needs_human_review
YEERAA	1066	needs_human_review
GOOBE	1065	needs_human_review
NUCLEAR	1065	needs_human_review
OOGADA	1065	needs_human_review
RELIEF	1065	needs_human_review
AFKAAGA	1064	needs_human_review
CESHAN	1064	needs_human_review
GABAAD	1064	needs_human_review
YUHUUD	1064	needs_human_review
BERRIGA	1063	needs_human_review
QOSLO	1063	needs_human_review
QUARTZ	1063	needs_human_review
SAACADDU	1063	needs_human_review
TORRES	1063	needs_human_review
BADISO	1062	needs_human_review
CAYDA	1062	needs_human_review
MIDAAN	1062	needs_human_review
XALAL	1062	needs_human_review
GILGILAY	1061	needs_human_review
MOYES	1061	needs_human_review
QUUSTAY	1061	needs_human_review
XANUUNKU	1061	needs_human_review
DHAAFTO	1060	needs_human_review
DRONE	1060	needs_human_review
KIISKII	1060	needs_human_review
WEERARI	1060	needs_human_review
MALAGA	1059	needs_human_review
WADADAAS	1059	needs_human_review
DALABYO	1058	needs_human_review
GELAYAAN	1058	needs_human_review
HURDA	1058	needs_human_review
ILAY	1058	needs_human_review
OOO	1058	needs_human_review
QOYSKAN	1058	needs_human_review
SDN	1058	needs_human_review
AALAABA	1057	needs_human_review
BAANNU	1057	needs_human_review
CADOWGU	1057	needs_human_review
COUNTY	1057	needs_human_review
DHAQMAYO	1057	needs_human_review
EEYAHA	1057	needs_human_review
IDKA	1057	needs_human_review
JARAAN	1057	needs_human_review
MEDICAL	1057	needs_human_review
WERIYAY	1057	needs_human_review
DUSHOODA	1056	needs_human_review
QOFKAN	1056	needs_human_review
FALAY	1055	needs_human_review
LOOGALA	1055	needs_human_review
XAYIRAY	1055	needs_human_review
XISHOON	1055	needs_human_review
CIWAAN	1054	needs_human_review
DAROOGO	1054	needs_human_review
JABKII	1054	needs_human_review
MOORGAN	1054	needs_human_review
WEYDEY	1054	needs_human_review
EHEED	1053	needs_human_review
LAHI	1053	needs_human_review
OREGON	1053	needs_human_review
AAWADIIS	1052	needs_human_review
JEYTE	1052	needs_human_review
MUXAAFID	1052	needs_human_review
ARKAYA	1051	needs_human_review
CAADIFAD	1051	needs_human_review
DACWADII	1051	needs_human_review
DARRAN	1051	needs_human_review
SEYGEEDA	1051	needs_human_review
TOM	1051	needs_human_review
BAAHDAAN	1050	needs_human_review
CABDALA	1050	needs_human_review
DAALKA	1050	needs_human_review
FASAXDAY	1050	needs_human_review
ISMAACIL	1050	needs_human_review
IYADDOO	1050	needs_human_review
SHIINO	1050	needs_human_review
TACAALO	1050	needs_human_review
TEGAYO	1050	needs_human_review
DHAARIYO	1049	needs_human_review
ERGAY	1049	needs_human_review
ODHANAYA	1049	needs_human_review
ASAASKA	1048	needs_human_review
DIGEY	1048	needs_human_review
ENTRIES	1048	needs_human_review
PING	1048	needs_human_review
QOXOOTI	1048	needs_human_review
SOCDANA	1048	needs_human_review
LIISKAN	1047	needs_human_review
MAYSID	1047	needs_human_review
NOQONNO	1047	needs_human_review
BORIS	1046	needs_human_review
DISHO	1046	needs_human_review
GOODIYAY	1046	needs_human_review
BARTEEDA	1045	needs_human_review
DUBAD	1045	needs_human_review
HINDIDA	1045	needs_human_review
JECLI	1045	needs_human_review
SIINAYEY	1045	needs_human_review
TWO	1045	needs_human_review
BIIRAYO	1044	needs_human_review
CARDIFF	1044	needs_human_review
JIIFAY	1044	needs_human_review
KOLKAA	1044	needs_human_review
KONG	1044	needs_human_review
XAWLIGA	1044	needs_human_review
DALKUNA	1043	needs_human_review
ISASOO	1043	needs_human_review
LAMPARD	1043	needs_human_review
OLALAHA	1043	needs_human_review
TAABATAY	1043	needs_human_review
WARQABO	1043	needs_human_review
WELIBANA	1043	needs_human_review
XISBIGAN	1043	needs_human_review
DALBATO	1042	needs_human_review
DHOOFKA	1042	needs_human_review
MUBARAK	1042	needs_human_review
XABADOOD	1042	needs_human_review
ANGOLA	1041	needs_human_review
ARAGTA	1041	needs_human_review
BOGA	1041	needs_human_review
GARANAY	1041	needs_human_review
NEERFAHA	1041	needs_human_review
ASSAD	1040	needs_human_review
SAXARADA	1040	needs_human_review
DAYGII	1039	needs_human_review
DERBY	1039	needs_human_review
DHANKII	1039	needs_human_review
FAANAY	1039	needs_human_review
MATALIN	1039	needs_human_review
BURKII	1038	needs_human_review
SAMEYSA	1038	needs_human_review
TUURYARE	1038	needs_human_review
BINT	1037	needs_human_review
DADKAYGA	1037	needs_human_review
DRONES	1037	needs_human_review
MARCA	1037	needs_human_review
SAHLAYA	1037	needs_human_review
XIGTEY	1037	needs_human_review
GANACSAN	1036	needs_human_review
INJIILKA	1036	needs_human_review
XUMEYD	1036	needs_human_review
CADCEEDA	1035	needs_human_review
CENTRE	1035	needs_human_review
DHISEYSO	1035	needs_human_review
KADAAWO	1035	needs_human_review
MOGDISHO	1035	needs_human_review
TAAGEEN	1035	needs_human_review
AAMUSEEN	1034	needs_human_review
ADEEGAY	1034	needs_human_review
BLUE	1034	needs_human_review
DILAYA	1034	needs_human_review
IMAANIN	1034	needs_human_review
KONFUR	1034	needs_human_review
NALKA	1034	needs_human_review
SALIIMKA	1034	needs_human_review
AFGARAN	1033	needs_human_review
BOOQDEY	1033	needs_human_review
GABRIEL	1033	needs_human_review
GALAYEY	1033	needs_human_review
GOONIYA	1033	needs_human_review
MAARMO	1033	needs_human_review
DDS	1032	needs_human_review
KELIGIIS	1032	needs_human_review
SAMAYNIN	1032	needs_human_review
BAXEYSO	1031	needs_human_review
BEDELEEN	1031	needs_human_review
BURKINA	1031	needs_human_review
FACE	1031	needs_human_review
CIIDAY	1030	needs_human_review
DURUUFTA	1030	needs_human_review
GOBONIMO	1030	needs_human_review
MARKAANU	1030	needs_human_review
NIMAAN	1030	needs_human_review
NUURA	1030	needs_human_review
SHAASHAD	1030	needs_human_review
XIDIGII	1030	needs_human_review
KEYSE	1029	needs_human_review
MUUSIGA	1029	needs_human_review
ORDAY	1029	needs_human_review
SEDEXDA	1029	needs_human_review
VISION	1029	needs_human_review
BISHI	1028	needs_human_review
CUTHMAAN	1028	needs_human_review
HADHIMO	1028	needs_human_review
QABSADEY	1028	needs_human_review
QORMADII	1028	needs_human_review
XABADO	1028	needs_human_review
BALANSAN	1027	needs_human_review
DHIIBAN	1027	needs_human_review
ISKII	1027	needs_human_review
YASIN	1027	needs_human_review
AALADA	1026	needs_human_review
FOGEEYO	1026	needs_human_review
GEESTEEN	1026	needs_human_review
GELIYAA	1026	needs_human_review
HOOSAYSA	1026	needs_human_review
INTEY	1026	needs_human_review
KUMAY	1026	needs_human_review
SAFIIRO	1026	needs_human_review
AYAGUNA	1025	needs_human_review
DUFCADII	1025	needs_human_review
GUDBINAY	1025	needs_human_review
LACAGTU	1025	needs_human_review
LUMIYO	1025	needs_human_review
LUQADOOD	1025	needs_human_review
MADAALE	1025	needs_human_review
XANIBAN	1025	needs_human_review
XEERKANI	1025	needs_human_review
DABEYLO	1024	needs_human_review
FANAANAD	1023	needs_human_review
MAALINTI	1023	needs_human_review
XAMILI	1023	needs_human_review
YOOXANAA	1023	needs_human_review
FEKERO	1022	needs_human_review
DUQAYNTA	1021	needs_human_review
KARIYO	1021	needs_human_review
UDHASHAY	1021	needs_human_review
WAAMO	1021	needs_human_review
INTAANAY	1020	needs_human_review
XIRMADA	1020	needs_human_review
XOREEYEY	1020	needs_human_review
AHE	1019	needs_human_review
BARITO	1019	needs_human_review
GOBOLKII	1019	needs_human_review
KARTAY	1019	needs_human_review
SIFEEYO	1019	needs_human_review
XALINAYO	1019	needs_human_review
AWOODEED	1018	needs_human_review
JUVE	1018	needs_human_review
MURUSADE	1018	needs_human_review
IDA	1017	needs_human_review
ISKUULO	1017	needs_human_review
MOWDUUC	1017	needs_human_review
STATES	1017	needs_human_review
SUMCADA	1017	needs_human_review
CZECH	1015	needs_human_review
DOOMINTA	1015	needs_human_review
FOOLKA	1015	needs_human_review
INTAASOO	1015	needs_human_review
JARISTA	1015	needs_human_review
LIBAAN	1015	needs_human_review
THEIR	1015	needs_human_review
GACMA	1014	needs_human_review
HINDA	1014	needs_human_review
JABHADII	1014	needs_human_review
KAXEEYAY	1014	needs_human_review
QILAAF	1014	needs_human_review
SPURS	1014	needs_human_review
WEYNIHII	1014	needs_human_review
HADASHAA	1013	needs_human_review
INIESTA	1013	needs_human_review
LIISASKA	1013	needs_human_review
MIDOOBI	1013	needs_human_review
RUXAY	1013	needs_human_review
ARTETA	1012	needs_human_review
AXKAAMTA	1012	needs_human_review
CUNTA	1012	needs_human_review
HOOSEYSO	1012	needs_human_review
FIIDOW	1011	needs_human_review
ISBUUCA	1011	needs_human_review
BADANBA	1010	needs_human_review
CABISTA	1010	needs_human_review
EEGAYNAA	1010	needs_human_review
REERKU	1010	needs_human_review
CHRIS	1009	needs_human_review
FAAHIYAY	1009	needs_human_review
HUBSADAY	1009	needs_human_review
ORDAYA	1009	needs_human_review
SAMEYSID	1009	needs_human_review
BOGAN	1008	needs_human_review
JOOGANA	1008	needs_human_review
BOQOLKA	1007	needs_human_review
FAHAMTO	1007	needs_human_review
FIDISO	1007	needs_human_review
GODAD	1007	needs_human_review
KAJIRTA	1007	needs_human_review
LEYAHAY	1007	needs_human_review
AFWEYNE	1006	needs_human_review
CASHADA	1006	needs_human_review
COLAADII	1006	needs_human_review
DAHA	1006	needs_human_review
HAWSHAA	1006	needs_human_review
KELIGOOD	1006	needs_human_review
YAREYD	1006	needs_human_review
DEGAANKU	1005	needs_human_review
DIINTII	1005	needs_human_review
HARAAD	1005	needs_human_review
JEDDAH	1005	needs_human_review
LUIZ	1005	needs_human_review
SANADA	1005	needs_human_review
VOICE	1005	needs_human_review
WATEY	1005	needs_human_review
CAWSKA	1004	needs_human_review
FISKA	1004	needs_human_review
MIDABYO	1004	needs_human_review
NOOCEEDA	1004	needs_human_review
WIILKU	1004	needs_human_review
DAAHAY	1003	needs_human_review
IMAADKA	1003	needs_human_review
SIINA	1003	needs_human_review
BILAYS	1002	needs_human_review
DAXALKA	1002	needs_human_review
WALIGAY	1002	needs_human_review
AAFADA	1001	needs_human_review
IFTIN	1001	needs_human_review
IIKAR	1001	needs_human_review
KORKA	1001	needs_human_review
MOOYAALE	1001	needs_human_review
NAGAMA	1001	needs_human_review
UUMIGA	1001	needs_human_review
YEAR	1001	needs_human_review
CASUMAY	1000	needs_human_review
CREDIT	1000	needs_human_review
GOWRACAY	1000	needs_human_review
ILAAWI	1000	needs_human_review
LUMISO	1000	needs_human_review
MOOTADA	1000	needs_human_review
